IL6													
TRATAMIENTO y sexo	Abs 450 MS	Conc 	IL-6 	IDMADRE/FETO	TEJIDO						Abs	m	oo
Control	0.082	-14.8125	0	C_011025_1	Suero materno							0.0016	0.1057
Control	0.073	-20.4375	0	C_021025_1	Suero materno								
Control	0.073	-20.4375	0	C_031025_1	Suero materno								
Control	0.093	-7.9375	0	C_091025_1	Suero materno								
Control	0.197	57.0625	57.0625	C_101025_1	Suero materno								
LPS	0.654	342.6875	342.6875	L_011025_1	Suero materno								
LPS	1.739	1020.8125	1020.8125	L_021025_1	Suero materno								
LPS	0.878	482.6875	482.6875	L_031025_1	Suero materno								
LPS	1.439	833.3125	833.3125	L_091025_1	Suero materno								
LPS	1.915	1130.8125	1130.8125	L_101025_1	Suero materno								
LPS	1.447	838.3125	838.3125	L_171025_1	Suero materno								
LPS	0.773	417.0625	417.0625	L_241025_1	Suero materno								
LPS	0.99	552.6875	552.6875	L_251025_1	Suero materno								
LPS	1.795	1055.8125	1055.8125	L_311025_1	Suero materno								
Control ♂	0.107	0.8125	0.8125	C_011025_1.04	Líquido amniótico								
Control ♂	0.132	16.4375	16.4375	C_021025_1.06	Líquido amniótico								
Control ♂	0.128	13.9375	13.9375	C_031025_1.08	Líquido amniótico								
Control ♂	0.138	20.1875	20.1875	C_091025_1.10	Líquido amniótico								
Control ♂	0.12	8.9375	8.9375	C_101025_1.12	Líquido amniótico								
Control ♀	0.083	-14.1875	0	C_011025_1.03	Líquido amniótico								
Control ♀	0.107	0.8125	0.8125	C_021025_1.05	Líquido amniótico								
Control ♀	0.077	-17.9375	0	C_031025_1.07	Líquido amniótico								
Control ♀	0.095	-6.6875	0	C_091025_1.09	Líquido amniótico								
Control ♀	0.073	-20.4375	0	C_101025_1.11	Líquido amniótico								
LPS ♂	1.129	639.5625	639.5625	L_011025_1.04	Líquido amniótico								
LPS ♂	0.106	0.1875	0.1875	L_021025_1.06	Líquido amniótico								
LPS ♂	0.466	225.1875	225.1875	L_031025_1.08	Líquido amniótico								
LPS ♂	0.118	7.6875	7.6875	L_091025_1.10	Líquido amniótico								
LPS ♂	0.132	16.4375	16.4375	L_101025_1.12	Líquido amniótico								
LPS ♂	1.502	872.6875	872.6875	L_171025_1.14	Líquido amniótico								
LPS ♂	0.095	-6.6875	0	L_241025_1.16	Líquido amniótico								
LPS ♂	0.091	-9.1875	0	L_251025_1.18	Líquido amniótico								
LPS ♂	0.141	22.0625	22.0625	L_311025_1.20	Líquido amniótico								
LPS ♀	0.153	29.5625	29.5625	L_011025_1.03	Líquido amniótico								
LPS ♀	0.101	-2.9375	0	L_021025_1.05	Líquido amniótico								
LPS ♀	0.114	5.1875	5.1875	L_031025_1.07	Líquido amniótico								
LPS ♀	0.155	30.8125	30.8125	L_091025_1.09	Líquido amniótico								
LPS ♀	0.1	-3.5625	0	L_101025_1.11	Líquido amniótico								
LPS ♀	0.848	463.9375	463.9375	L_171025_1.13	Líquido amniótico								
LPS ♀	0.473	229.5625	229.5625	L_241025_1.15	Líquido amniótico								
LPS ♀	0.107	0.8125	0.8125	L_251025_1.17	Líquido amniótico								
LPS ♀	0.115	5.8125	5.8125	L_311025_1.19	Líquido amniótico								
