MEMBRANA	MADRE	NOMINACION	FETO	GRUPO	SEXO	TTO	TEJIDO	PSTAT3
1	C1	C1♀️	C_011025_1.03	♀Control	Hembra	Control	PLACENTA_E15	2.219010652
1	C2	C2♀️	C_021025_1.05	♀Control	Hembra	Control	PLACENTA_E15	0.85
1	C3	C3♀️	C_031025_1.07	♀Control	Hembra	Control	PLACENTA_E15	1.880157012
1	L1	L1♀️	L_011025_1.03	♀ LPS	Hembra	LPS	PLACENTA_E15	5.989399278
1	L2	L2♀️	L_021025_1.05	♀ LPS	Hembra	LPS	PLACENTA_E15	6.256024002
1	L3	L3♀️	L_031025_1.07	♀ LPS	Hembra	LPS	PLACENTA_E15	6.296358945
1	C1	C1♂️	C_011025_1.04	♂ Control	Macho	Control	PLACENTA_E15	2.69019592
1	C2	C2♂️	C_021025_1.06	♂ Control	Macho	Control	PLACENTA_E15	2.215999702
1	C3	C3♂️	C_031025_1.08	♂ Control	Macho	Control	PLACENTA_E15	2.434184168
1	L1	L1♂️	L_011025_1.04	♂ LPS	Macho	LPS	PLACENTA_E15	5.74784652
1	L2	L2♂️	L_021025_1.06	♂ LPS	Macho	LPS	PLACENTA_E15	5.808373114
1	L3	L3♂️	L_031025_1.08	♂ LPS	Macho	LPS	PLACENTA_E15	5.940065622
2	C4	C4♀️	C_091025_1.09	♀Control	Hembra	Control	PLACENTA_E15	1.929942493
2	C5	C5♀️	C_101025_1.11	♀Control	Hembra	Control	PLACENTA_E15	2.459373462
2	C6	C6♀️	C_171025_1.13	♀Control	Hembra	Control	PLACENTA_E15	1.983638086
2	L4	L4♀️	L_091025_1.09	♀ LPS	Hembra	LPS	PLACENTA_E15	5.99566802
2	L5	L5♀️	L_101025_1.11	♀ LPS	Hembra	LPS	PLACENTA_E15	5.912032021
2	L6	L6♀️	L_171025_1.13	♀ LPS	Hembra	LPS	PLACENTA_E15	6.191537192
2	C4	C4♂️	C_091025_1.10	♂ Control	Macho	Control	PLACENTA_E15	2.798182014
2	C5	C5♂️	C_101025_1.12	♂ Control	Macho	Control	PLACENTA_E15	2.982362014
2	C6	C6♂️	C_171025_1.14	♂ Control	Macho	Control	PLACENTA_E15	2.27679977
2	L4	L4♂️	L_091025_1.10	♂ LPS	Macho	LPS	PLACENTA_E15	4.887471404
2	L5	L5♂️	L_101025_1.12	♂ LPS	Macho	LPS	PLACENTA_E15	6.171305224
2	L6	L6♂️	L_171025_1.14	♂ LPS	Macho	LPS	PLACENTA_E15	7.2
3	C7	C7♀️	C_241025_1.15	♀Control	Hembra	Control	PLACENTA_E15	2.472704698
3	C8	C8♀️	C_251025_1.17	♀Control	Hembra	Control	PLACENTA_E15	2.5059639
3	C9	C9♀️	C_311025_1.19	♀Control	Hembra	Control	PLACENTA_E15	2.350480206
3	L7	L7♀️	L_241025_1.15	♀ LPS	Hembra	LPS	PLACENTA_E15	5.29014729
3	L8	L8♀️	L_251025_1.17	♀ LPS	Hembra	LPS	PLACENTA_E15	6.567652998
3	L9	L9♀️	L_311025_1.19	♀ LPS	Hembra	LPS	PLACENTA_E15	5.987800917
3	C7	C7♂️	C_241025_1.16	♂ Control	Macho	Control	PLACENTA_E15	2.345698854
3	C8	C8♂️	C_251025_1.18	♂ Control	Macho	Control	PLACENTA_E15	1.761667543
3	C9	C9♂️	C_311025_1.20	♂ Control	Macho	Control	PLACENTA_E15	1.183968734
3	L7	L7♂️	L_241025_1.16	♂ LPS	Macho	LPS	PLACENTA_E15	4.172639653
3	L8	L8♂️	L_251025_1.18	♂ LPS	Macho	LPS	PLACENTA_E15	5.522919728
3	L9	L9♂️	L_311025_1.20	♂ LPS	Macho	LPS	PLACENTA_E15	5.923653013
