MADRE	NOMINACION	FETO	GRUPO	SEXO	TTO	TEJIDO	rsp29	GEN	CT_CRUDO
C1	C1♀️	C_011025_1.03	♀Control	HEMBRA	CONTROL	PLACENTA_E15	23.96610514	fatcd36	27.19
C1	C1♀️	C_011025_1.03	♀Control	HEMBRA	CONTROL	PLACENTA_E15	23.96610514	fatp1	32.04
C1	C1♀️	C_011025_1.03	♀Control	HEMBRA	CONTROL	PLACENTA_E15	23.96610514	fatp4	28.27
C1	C1♀️	C_011025_1.03	♀Control	HEMBRA	CONTROL	PLACENTA_E15	23.96610514	glut1	25.59
C1	C1♀️	C_011025_1.03	♀Control	HEMBRA	CONTROL	PLACENTA_E15	23.96610514	glut3	31.31
C1	C1♀️	C_011025_1.03	♀Control	HEMBRA	CONTROL	PLACENTA_E15	23.96610514	gp130	25.23
C1	C1♀️	C_011025_1.03	♀Control	HEMBRA	CONTROL	PLACENTA_E15	23.96610514	il6	35.09
C1	C1♀️	C_011025_1.03	♀Control	HEMBRA	CONTROL	PLACENTA_E15	23.96610514	il6R	36.46
C1	C1♀️	C_011025_1.03	♀Control	HEMBRA	CONTROL	PLACENTA_E15	23.96610514	slc38a1	33.9
C1	C1♀️	C_011025_1.03	♀Control	HEMBRA	CONTROL	PLACENTA_E15	23.96610514	slc38a2	28.16
C1	C1♀️	C_011025_1.03	♀Control	HEMBRA	CONTROL	BRAIN_E15	24.40787343	fatcd36	
C1	C1♀️	C_011025_1.03	♀Control	HEMBRA	CONTROL	BRAIN_E15	24.40787343	fatp1	35.17
C1	C1♀️	C_011025_1.03	♀Control	HEMBRA	CONTROL	BRAIN_E15	24.40787343	fatp4	30.06
C1	C1♀️	C_011025_1.03	♀Control	HEMBRA	CONTROL	BRAIN_E15	24.40787343	glut1	26.77
C1	C1♀️	C_011025_1.03	♀Control	HEMBRA	CONTROL	BRAIN_E15	24.40787343	glut3	34.3
C1	C1♀️	C_011025_1.03	♀Control	HEMBRA	CONTROL	BRAIN_E15	24.40787343	gp130	28.57
C1	C1♀️	C_011025_1.03	♀Control	HEMBRA	CONTROL	BRAIN_E15	24.40787343	il6	40
C1	C1♀️	C_011025_1.03	♀Control	HEMBRA	CONTROL	BRAIN_E15	24.40787343	il6R	40
C1	C1♀️	C_011025_1.03	♀Control	HEMBRA	CONTROL	BRAIN_E15	24.40787343	slc38a1	34.5
C1	C1♀️	C_011025_1.03	♀Control	HEMBRA	CONTROL	BRAIN_E15	24.40787343	slc38a2	29.81
C1	C1♂️	C_011025_1.04	♂ Control	MACHO	CONTROL	PLACENTA_E15	29.39505416	fatcd36	27.06
C1	C1♂️	C_011025_1.04	♂ Control	MACHO	CONTROL	PLACENTA_E15	29.39505416	fatp1	31.81
C1	C1♂️	C_011025_1.04	♂ Control	MACHO	CONTROL	PLACENTA_E15	29.39505416	fatp4	26.95
C1	C1♂️	C_011025_1.04	♂ Control	MACHO	CONTROL	PLACENTA_E15	29.39505416	glut1	27.18
C1	C1♂️	C_011025_1.04	♂ Control	MACHO	CONTROL	PLACENTA_E15	29.39505416	glut3	32.41
C1	C1♂️	C_011025_1.04	♂ Control	MACHO	CONTROL	PLACENTA_E15	29.39505416	gp130	25.73
C1	C1♂️	C_011025_1.04	♂ Control	MACHO	CONTROL	PLACENTA_E15	29.39505416	il6	35.66
C1	C1♂️	C_011025_1.04	♂ Control	MACHO	CONTROL	PLACENTA_E15	29.39505416	il6R	35.21
C1	C1♂️	C_011025_1.04	♂ Control	MACHO	CONTROL	PLACENTA_E15	29.39505416	slc38a1	33.86
C1	C1♂️	C_011025_1.04	♂ Control	MACHO	CONTROL	PLACENTA_E15	29.39505416	slc38a2	30.05
C1	C1♂️	C_011025_1.04	♂ Control	MACHO	CONTROL	BRAIN_E15	25.01560982	fatcd36	28.4
C1	C1♂️	C_011025_1.04	♂ Control	MACHO	CONTROL	BRAIN_E15	25.01560982	fatp1	34.52
C1	C1♂️	C_011025_1.04	♂ Control	MACHO	CONTROL	BRAIN_E15	25.01560982	fatp4	30.46
C1	C1♂️	C_011025_1.04	♂ Control	MACHO	CONTROL	BRAIN_E15	25.01560982	glut1	27.28
C1	C1♂️	C_011025_1.04	♂ Control	MACHO	CONTROL	BRAIN_E15	25.01560982	glut3	35.43
C1	C1♂️	C_011025_1.04	♂ Control	MACHO	CONTROL	BRAIN_E15	25.01560982	gp130	25.18
C1	C1♂️	C_011025_1.04	♂ Control	MACHO	CONTROL	BRAIN_E15	25.01560982	il6	40
C1	C1♂️	C_011025_1.04	♂ Control	MACHO	CONTROL	BRAIN_E15	25.01560982	il6R	38.96
C1	C1♂️	C_011025_1.04	♂ Control	MACHO	CONTROL	BRAIN_E15	25.01560982	slc38a1	34.26
C1	C1♂️	C_011025_1.04	♂ Control	MACHO	CONTROL	BRAIN_E15	25.01560982	slc38a2	31.19
C2	C2♀️	C_021025_1.05	♀Control	HEMBRA	CONTROL	PLACENTA_E15	26.05427253	fatcd36	27.15
C2	C2♀️	C_021025_1.05	♀Control	HEMBRA	CONTROL	PLACENTA_E15	26.05427253	fatp1	32.01
C2	C2♀️	C_021025_1.05	♀Control	HEMBRA	CONTROL	PLACENTA_E15	26.05427253	fatp4	28.2
C2	C2♀️	C_021025_1.05	♀Control	HEMBRA	CONTROL	PLACENTA_E15	26.05427253	glut1	25.86
C2	C2♀️	C_021025_1.05	♀Control	HEMBRA	CONTROL	PLACENTA_E15	26.05427253	glut3	30.67
C2	C2♀️	C_021025_1.05	♀Control	HEMBRA	CONTROL	PLACENTA_E15	26.05427253	gp130	25.98
C2	C2♀️	C_021025_1.05	♀Control	HEMBRA	CONTROL	PLACENTA_E15	26.05427253	il6	36.47
C2	C2♀️	C_021025_1.05	♀Control	HEMBRA	CONTROL	PLACENTA_E15	26.05427253	il6R	38.17
C2	C2♀️	C_021025_1.05	♀Control	HEMBRA	CONTROL	PLACENTA_E15	26.05427253	slc38a1	32.45
C2	C2♀️	C_021025_1.05	♀Control	HEMBRA	CONTROL	PLACENTA_E15	26.05427253	slc38a2	29.67
C2	C2♀️	C_021025_1.05	♀Control	HEMBRA	CONTROL	BRAIN_E15	29.14768848	fatcd36	29.47
C2	C2♀️	C_021025_1.05	♀Control	HEMBRA	CONTROL	BRAIN_E15	29.14768848	fatp1	32.14
C2	C2♀️	C_021025_1.05	♀Control	HEMBRA	CONTROL	BRAIN_E15	29.14768848	fatp4	31.35
C2	C2♀️	C_021025_1.05	♀Control	HEMBRA	CONTROL	BRAIN_E15	29.14768848	glut1	30.99
C2	C2♀️	C_021025_1.05	♀Control	HEMBRA	CONTROL	BRAIN_E15	29.14768848	glut3	35.06
C2	C2♀️	C_021025_1.05	♀Control	HEMBRA	CONTROL	BRAIN_E15	29.14768848	gp130	27.47
C2	C2♀️	C_021025_1.05	♀Control	HEMBRA	CONTROL	BRAIN_E15	29.14768848	il6	40
C2	C2♀️	C_021025_1.05	♀Control	HEMBRA	CONTROL	BRAIN_E15	29.14768848	il6R	40
C2	C2♀️	C_021025_1.05	♀Control	HEMBRA	CONTROL	BRAIN_E15	29.14768848	slc38a1	34.83
C2	C2♀️	C_021025_1.05	♀Control	HEMBRA	CONTROL	BRAIN_E15	29.14768848	slc38a2	32.31
C2	C2♂️	C_021025_1.06	♂ Control	MACHO	CONTROL	PLACENTA_E15	26.96333639	fatcd36	28.05
C2	C2♂️	C_021025_1.06	♂ Control	MACHO	CONTROL	PLACENTA_E15	26.96333639	fatp1	31.69
C2	C2♂️	C_021025_1.06	♂ Control	MACHO	CONTROL	PLACENTA_E15	26.96333639	fatp4	26.75
C2	C2♂️	C_021025_1.06	♂ Control	MACHO	CONTROL	PLACENTA_E15	26.96333639	glut1	26.29
C2	C2♂️	C_021025_1.06	♂ Control	MACHO	CONTROL	PLACENTA_E15	26.96333639	glut3	
C2	C2♂️	C_021025_1.06	♂ Control	MACHO	CONTROL	PLACENTA_E15	26.96333639	gp130	26.32
C2	C2♂️	C_021025_1.06	♂ Control	MACHO	CONTROL	PLACENTA_E15	26.96333639	il6	34.03
C2	C2♂️	C_021025_1.06	♂ Control	MACHO	CONTROL	PLACENTA_E15	26.96333639	il6R	36.27
C2	C2♂️	C_021025_1.06	♂ Control	MACHO	CONTROL	PLACENTA_E15	26.96333639	slc38a1	32.18
C2	C2♂️	C_021025_1.06	♂ Control	MACHO	CONTROL	PLACENTA_E15	26.96333639	slc38a2	29.78
C2	C2♂️	C_021025_1.06	♂ Control	MACHO	CONTROL	BRAIN_E15	22.86147275	fatcd36	28.96
C2	C2♂️	C_021025_1.06	♂ Control	MACHO	CONTROL	BRAIN_E15	22.86147275	fatp1	33.46
C2	C2♂️	C_021025_1.06	♂ Control	MACHO	CONTROL	BRAIN_E15	22.86147275	fatp4	29.3
C2	C2♂️	C_021025_1.06	♂ Control	MACHO	CONTROL	BRAIN_E15	22.86147275	glut1	28.26
C2	C2♂️	C_021025_1.06	♂ Control	MACHO	CONTROL	BRAIN_E15	22.86147275	glut3	33.15
C2	C2♂️	C_021025_1.06	♂ Control	MACHO	CONTROL	BRAIN_E15	22.86147275	gp130	26.53
C2	C2♂️	C_021025_1.06	♂ Control	MACHO	CONTROL	BRAIN_E15	22.86147275	il6	39.62
C2	C2♂️	C_021025_1.06	♂ Control	MACHO	CONTROL	BRAIN_E15	22.86147275	il6R	37.82
C2	C2♂️	C_021025_1.06	♂ Control	MACHO	CONTROL	BRAIN_E15	22.86147275	slc38a1	34.69
C2	C2♂️	C_021025_1.06	♂ Control	MACHO	CONTROL	BRAIN_E15	22.86147275	slc38a2	31.31
C3	C3♀️	C_031025_1.07	♀Control	HEMBRA	CONTROL	PLACENTA_E15	23.18341052	fatcd36	25.83
C3	C3♀️	C_031025_1.07	♀Control	HEMBRA	CONTROL	PLACENTA_E15	23.18341052	fatp1	32.31
C3	C3♀️	C_031025_1.07	♀Control	HEMBRA	CONTROL	PLACENTA_E15	23.18341052	fatp4	28.36
C3	C3♀️	C_031025_1.07	♀Control	HEMBRA	CONTROL	PLACENTA_E15	23.18341052	glut1	26.52
C3	C3♀️	C_031025_1.07	♀Control	HEMBRA	CONTROL	PLACENTA_E15	23.18341052	glut3	30.58
C3	C3♀️	C_031025_1.07	♀Control	HEMBRA	CONTROL	PLACENTA_E15	23.18341052	gp130	26.33
C3	C3♀️	C_031025_1.07	♀Control	HEMBRA	CONTROL	PLACENTA_E15	23.18341052	il6	36.91
C3	C3♀️	C_031025_1.07	♀Control	HEMBRA	CONTROL	PLACENTA_E15	23.18341052	il6R	35.39
C3	C3♀️	C_031025_1.07	♀Control	HEMBRA	CONTROL	PLACENTA_E15	23.18341052	slc38a1	32.05
C3	C3♀️	C_031025_1.07	♀Control	HEMBRA	CONTROL	PLACENTA_E15	23.18341052	slc38a2	28.41
C3	C3♀️	C_031025_1.07	♀Control	HEMBRA	CONTROL	BRAIN_E15	22.83647409	fatcd36	28.11
C3	C3♀️	C_031025_1.07	♀Control	HEMBRA	CONTROL	BRAIN_E15	22.83647409	fatp1	33.45
C3	C3♀️	C_031025_1.07	♀Control	HEMBRA	CONTROL	BRAIN_E15	22.83647409	fatp4	29.68
C3	C3♀️	C_031025_1.07	♀Control	HEMBRA	CONTROL	BRAIN_E15	22.83647409	glut1	27.88
C3	C3♀️	C_031025_1.07	♀Control	HEMBRA	CONTROL	BRAIN_E15	22.83647409	glut3	32.19
C3	C3♀️	C_031025_1.07	♀Control	HEMBRA	CONTROL	BRAIN_E15	22.83647409	gp130	27.73
C3	C3♀️	C_031025_1.07	♀Control	HEMBRA	CONTROL	BRAIN_E15	22.83647409	il6	40
C3	C3♀️	C_031025_1.07	♀Control	HEMBRA	CONTROL	BRAIN_E15	22.83647409	il6R	39.39
C3	C3♀️	C_031025_1.07	♀Control	HEMBRA	CONTROL	BRAIN_E15	22.83647409	slc38a1	36.12
C3	C3♀️	C_031025_1.07	♀Control	HEMBRA	CONTROL	BRAIN_E15	22.83647409	slc38a2	31.83
C3	C3♂️	C_031025_1.08	♂ Control	MACHO	CONTROL	PLACENTA_E15	26.0970064	fatcd36	27.52
C3	C3♂️	C_031025_1.08	♂ Control	MACHO	CONTROL	PLACENTA_E15	26.0970064	fatp1	31.71
C3	C3♂️	C_031025_1.08	♂ Control	MACHO	CONTROL	PLACENTA_E15	26.0970064	fatp4	27.85
C3	C3♂️	C_031025_1.08	♂ Control	MACHO	CONTROL	PLACENTA_E15	26.0970064	glut1	26.05
C3	C3♂️	C_031025_1.08	♂ Control	MACHO	CONTROL	PLACENTA_E15	26.0970064	glut3	32.82
C3	C3♂️	C_031025_1.08	♂ Control	MACHO	CONTROL	PLACENTA_E15	26.0970064	gp130	25.48
C3	C3♂️	C_031025_1.08	♂ Control	MACHO	CONTROL	PLACENTA_E15	26.0970064	il6	34.38
C3	C3♂️	C_031025_1.08	♂ Control	MACHO	CONTROL	PLACENTA_E15	26.0970064	il6R	37.49
C3	C3♂️	C_031025_1.08	♂ Control	MACHO	CONTROL	PLACENTA_E15	26.0970064	slc38a1	31.06
C3	C3♂️	C_031025_1.08	♂ Control	MACHO	CONTROL	PLACENTA_E15	26.0970064	slc38a2	28.71
C3	C3♂️	C_031025_1.08	♂ Control	MACHO	CONTROL	BRAIN_E15	23.4322291	fatcd36	27.04
C3	C3♂️	C_031025_1.08	♂ Control	MACHO	CONTROL	BRAIN_E15	23.4322291	fatp1	33.55
C3	C3♂️	C_031025_1.08	♂ Control	MACHO	CONTROL	BRAIN_E15	23.4322291	fatp4	29.59
C3	C3♂️	C_031025_1.08	♂ Control	MACHO	CONTROL	BRAIN_E15	23.4322291	glut1	29.7
C3	C3♂️	C_031025_1.08	♂ Control	MACHO	CONTROL	BRAIN_E15	23.4322291	glut3	32
C3	C3♂️	C_031025_1.08	♂ Control	MACHO	CONTROL	BRAIN_E15	23.4322291	gp130	28.5
C3	C3♂️	C_031025_1.08	♂ Control	MACHO	CONTROL	BRAIN_E15	23.4322291	il6	40
C3	C3♂️	C_031025_1.08	♂ Control	MACHO	CONTROL	BRAIN_E15	23.4322291	il6R	40
C3	C3♂️	C_031025_1.08	♂ Control	MACHO	CONTROL	BRAIN_E15	23.4322291	slc38a1	34.43
C3	C3♂️	C_031025_1.08	♂ Control	MACHO	CONTROL	BRAIN_E15	23.4322291	slc38a2	30.99
C4	C4♀️	C_091025_1.09	♀Control	HEMBRA	CONTROL	PLACENTA_E15	22.6001937	fatcd36	26.69
C4	C4♀️	C_091025_1.09	♀Control	HEMBRA	CONTROL	PLACENTA_E15	22.6001937	fatp1	33.2
C4	C4♀️	C_091025_1.09	♀Control	HEMBRA	CONTROL	PLACENTA_E15	22.6001937	fatp4	27.52
C4	C4♀️	C_091025_1.09	♀Control	HEMBRA	CONTROL	PLACENTA_E15	22.6001937	glut1	25.66
C4	C4♀️	C_091025_1.09	♀Control	HEMBRA	CONTROL	PLACENTA_E15	22.6001937	glut3	32.19
C4	C4♀️	C_091025_1.09	♀Control	HEMBRA	CONTROL	PLACENTA_E15	22.6001937	gp130	25.55
C4	C4♀️	C_091025_1.09	♀Control	HEMBRA	CONTROL	PLACENTA_E15	22.6001937	il6	33.02
C4	C4♀️	C_091025_1.09	♀Control	HEMBRA	CONTROL	PLACENTA_E15	22.6001937	il6R	34.07
C4	C4♀️	C_091025_1.09	♀Control	HEMBRA	CONTROL	PLACENTA_E15	22.6001937	slc38a1	32.4
C4	C4♀️	C_091025_1.09	♀Control	HEMBRA	CONTROL	PLACENTA_E15	22.6001937	slc38a2	29.64
C4	C4♀️	C_091025_1.09	♀Control	HEMBRA	CONTROL	BRAIN_E15	23.54650543	fatcd36	27.31
C4	C4♀️	C_091025_1.09	♀Control	HEMBRA	CONTROL	BRAIN_E15	23.54650543	fatp1	32.11
C4	C4♀️	C_091025_1.09	♀Control	HEMBRA	CONTROL	BRAIN_E15	23.54650543	fatp4	29.14
C4	C4♀️	C_091025_1.09	♀Control	HEMBRA	CONTROL	BRAIN_E15	23.54650543	glut1	28.52
C4	C4♀️	C_091025_1.09	♀Control	HEMBRA	CONTROL	BRAIN_E15	23.54650543	glut3	
C4	C4♀️	C_091025_1.09	♀Control	HEMBRA	CONTROL	BRAIN_E15	23.54650543	gp130	28.1
C4	C4♀️	C_091025_1.09	♀Control	HEMBRA	CONTROL	BRAIN_E15	23.54650543	il6	40
C4	C4♀️	C_091025_1.09	♀Control	HEMBRA	CONTROL	BRAIN_E15	23.54650543	il6R	40
C4	C4♀️	C_091025_1.09	♀Control	HEMBRA	CONTROL	BRAIN_E15	23.54650543	slc38a1	35.86
C4	C4♀️	C_091025_1.09	♀Control	HEMBRA	CONTROL	BRAIN_E15	23.54650543	slc38a2	30.72
C4	C4♂️	C_091025_1.10	♂ Control	MACHO	CONTROL	PLACENTA_E15	25.6417858	fatcd36	26.11
C4	C4♂️	C_091025_1.10	♂ Control	MACHO	CONTROL	PLACENTA_E15	25.6417858	fatp1	32.02
C4	C4♂️	C_091025_1.10	♂ Control	MACHO	CONTROL	PLACENTA_E15	25.6417858	fatp4	29.27
C4	C4♂️	C_091025_1.10	♂ Control	MACHO	CONTROL	PLACENTA_E15	25.6417858	glut1	25.91
C4	C4♂️	C_091025_1.10	♂ Control	MACHO	CONTROL	PLACENTA_E15	25.6417858	glut3	31.4
C4	C4♂️	C_091025_1.10	♂ Control	MACHO	CONTROL	PLACENTA_E15	25.6417858	gp130	26.08
C4	C4♂️	C_091025_1.10	♂ Control	MACHO	CONTROL	PLACENTA_E15	25.6417858	il6	35.3
C4	C4♂️	C_091025_1.10	♂ Control	MACHO	CONTROL	PLACENTA_E15	25.6417858	il6R	34.83
C4	C4♂️	C_091025_1.10	♂ Control	MACHO	CONTROL	PLACENTA_E15	25.6417858	slc38a1	32.63
C4	C4♂️	C_091025_1.10	♂ Control	MACHO	CONTROL	PLACENTA_E15	25.6417858	slc38a2	28.94
C4	C4♂️	C_091025_1.10	♂ Control	MACHO	CONTROL	BRAIN_E15	27.46442114	fatcd36	29.1
C4	C4♂️	C_091025_1.10	♂ Control	MACHO	CONTROL	BRAIN_E15	27.46442114	fatp1	34.17
C4	C4♂️	C_091025_1.10	♂ Control	MACHO	CONTROL	BRAIN_E15	27.46442114	fatp4	28.96
C4	C4♂️	C_091025_1.10	♂ Control	MACHO	CONTROL	BRAIN_E15	27.46442114	glut1	29.13
C4	C4♂️	C_091025_1.10	♂ Control	MACHO	CONTROL	BRAIN_E15	27.46442114	glut3	32.87
C4	C4♂️	C_091025_1.10	♂ Control	MACHO	CONTROL	BRAIN_E15	27.46442114	gp130	27.69
C4	C4♂️	C_091025_1.10	♂ Control	MACHO	CONTROL	BRAIN_E15	27.46442114	il6	39.5
C4	C4♂️	C_091025_1.10	♂ Control	MACHO	CONTROL	BRAIN_E15	27.46442114	il6R	38.38
C4	C4♂️	C_091025_1.10	♂ Control	MACHO	CONTROL	BRAIN_E15	27.46442114	slc38a1	36.35
C4	C4♂️	C_091025_1.10	♂ Control	MACHO	CONTROL	BRAIN_E15	27.46442114	slc38a2	31.56
C5	C5♀️	C_101025_1.11	♀Control	HEMBRA	CONTROL	PLACENTA_E15	27.26865432	fatcd36	27.45
C5	C5♀️	C_101025_1.11	♀Control	HEMBRA	CONTROL	PLACENTA_E15	27.26865432	fatp1	32.67
C5	C5♀️	C_101025_1.11	♀Control	HEMBRA	CONTROL	PLACENTA_E15	27.26865432	fatp4	28.33
C5	C5♀️	C_101025_1.11	♀Control	HEMBRA	CONTROL	PLACENTA_E15	27.26865432	glut1	25.81
C5	C5♀️	C_101025_1.11	♀Control	HEMBRA	CONTROL	PLACENTA_E15	27.26865432	glut3	31.18
C5	C5♀️	C_101025_1.11	♀Control	HEMBRA	CONTROL	PLACENTA_E15	27.26865432	gp130	24.04
C5	C5♀️	C_101025_1.11	♀Control	HEMBRA	CONTROL	PLACENTA_E15	27.26865432	il6	35.54
C5	C5♀️	C_101025_1.11	♀Control	HEMBRA	CONTROL	PLACENTA_E15	27.26865432	il6R	40
C5	C5♀️	C_101025_1.11	♀Control	HEMBRA	CONTROL	PLACENTA_E15	27.26865432	slc38a1	
C5	C5♀️	C_101025_1.11	♀Control	HEMBRA	CONTROL	PLACENTA_E15	27.26865432	slc38a2	29.66
C5	C5♀️	C_101025_1.11	♀Control	HEMBRA	CONTROL	BRAIN_E15	24.63252616	fatcd36	27.87
C5	C5♀️	C_101025_1.11	♀Control	HEMBRA	CONTROL	BRAIN_E15	24.63252616	fatp1	33.68
C5	C5♀️	C_101025_1.11	♀Control	HEMBRA	CONTROL	BRAIN_E15	24.63252616	fatp4	27.68
C5	C5♀️	C_101025_1.11	♀Control	HEMBRA	CONTROL	BRAIN_E15	24.63252616	glut1	27.92
C5	C5♀️	C_101025_1.11	♀Control	HEMBRA	CONTROL	BRAIN_E15	24.63252616	glut3	31.72
C5	C5♀️	C_101025_1.11	♀Control	HEMBRA	CONTROL	BRAIN_E15	24.63252616	gp130	26.56
C5	C5♀️	C_101025_1.11	♀Control	HEMBRA	CONTROL	BRAIN_E15	24.63252616	il6	40
C5	C5♀️	C_101025_1.11	♀Control	HEMBRA	CONTROL	BRAIN_E15	24.63252616	il6R	40
C5	C5♀️	C_101025_1.11	♀Control	HEMBRA	CONTROL	BRAIN_E15	24.63252616	slc38a1	35.18
C5	C5♀️	C_101025_1.11	♀Control	HEMBRA	CONTROL	BRAIN_E15	24.63252616	slc38a2	31.29
C5	C5♂️	C_101025_1.12	♂ Control	MACHO	CONTROL	PLACENTA_E15	23.655875	fatcd36	27.6
C5	C5♂️	C_101025_1.12	♂ Control	MACHO	CONTROL	PLACENTA_E15	23.655875	fatp1	32.01
C5	C5♂️	C_101025_1.12	♂ Control	MACHO	CONTROL	PLACENTA_E15	23.655875	fatp4	29.5
C5	C5♂️	C_101025_1.12	♂ Control	MACHO	CONTROL	PLACENTA_E15	23.655875	glut1	26.1
C5	C5♂️	C_101025_1.12	♂ Control	MACHO	CONTROL	PLACENTA_E15	23.655875	glut3	31.98
C5	C5♂️	C_101025_1.12	♂ Control	MACHO	CONTROL	PLACENTA_E15	23.655875	gp130	25.64
C5	C5♂️	C_101025_1.12	♂ Control	MACHO	CONTROL	PLACENTA_E15	23.655875	il6	35.47
C5	C5♂️	C_101025_1.12	♂ Control	MACHO	CONTROL	PLACENTA_E15	23.655875	il6R	36.21
C5	C5♂️	C_101025_1.12	♂ Control	MACHO	CONTROL	PLACENTA_E15	23.655875	slc38a1	
C5	C5♂️	C_101025_1.12	♂ Control	MACHO	CONTROL	PLACENTA_E15	23.655875	slc38a2	29.01
C5	C5♂️	C_101025_1.12	♂ Control	MACHO	CONTROL	BRAIN_E15	28.40547884	fatcd36	29.72
C5	C5♂️	C_101025_1.12	♂ Control	MACHO	CONTROL	BRAIN_E15	28.40547884	fatp1	35.01
C5	C5♂️	C_101025_1.12	♂ Control	MACHO	CONTROL	BRAIN_E15	28.40547884	fatp4	32.21
C5	C5♂️	C_101025_1.12	♂ Control	MACHO	CONTROL	BRAIN_E15	28.40547884	glut1	27.4
C5	C5♂️	C_101025_1.12	♂ Control	MACHO	CONTROL	BRAIN_E15	28.40547884	glut3	33.55
C5	C5♂️	C_101025_1.12	♂ Control	MACHO	CONTROL	BRAIN_E15	28.40547884	gp130	26.69
C5	C5♂️	C_101025_1.12	♂ Control	MACHO	CONTROL	BRAIN_E15	28.40547884	il6	38.36
C5	C5♂️	C_101025_1.12	♂ Control	MACHO	CONTROL	BRAIN_E15	28.40547884	il6R	39.59
C5	C5♂️	C_101025_1.12	♂ Control	MACHO	CONTROL	BRAIN_E15	28.40547884	slc38a1	34.72
C5	C5♂️	C_101025_1.12	♂ Control	MACHO	CONTROL	BRAIN_E15	28.40547884	slc38a2	30.13
C6	C6♀️	C_171025_1.13	♀Control	HEMBRA	CONTROL	PLACENTA_E15	25.81339195	fatcd36	26.44
C6	C6♀️	C_171025_1.13	♀Control	HEMBRA	CONTROL	PLACENTA_E15	25.81339195	fatp1	31.17
C6	C6♀️	C_171025_1.13	♀Control	HEMBRA	CONTROL	PLACENTA_E15	25.81339195	fatp4	28.46
C6	C6♀️	C_171025_1.13	♀Control	HEMBRA	CONTROL	PLACENTA_E15	25.81339195	glut1	26.35
C6	C6♀️	C_171025_1.13	♀Control	HEMBRA	CONTROL	PLACENTA_E15	25.81339195	glut3	30.27
C6	C6♀️	C_171025_1.13	♀Control	HEMBRA	CONTROL	PLACENTA_E15	25.81339195	gp130	25.32
C6	C6♀️	C_171025_1.13	♀Control	HEMBRA	CONTROL	PLACENTA_E15	25.81339195	il6	35.32
C6	C6♀️	C_171025_1.13	♀Control	HEMBRA	CONTROL	PLACENTA_E15	25.81339195	il6R	36.33
C6	C6♀️	C_171025_1.13	♀Control	HEMBRA	CONTROL	PLACENTA_E15	25.81339195	slc38a1	32.7
C6	C6♀️	C_171025_1.13	♀Control	HEMBRA	CONTROL	PLACENTA_E15	25.81339195	slc38a2	29.16
C6	C6♀️	C_171025_1.13	♀Control	HEMBRA	CONTROL	BRAIN_E15	25.07154705	fatcd36	26.73
C6	C6♀️	C_171025_1.13	♀Control	HEMBRA	CONTROL	BRAIN_E15	25.07154705	fatp1	36.02
C6	C6♀️	C_171025_1.13	♀Control	HEMBRA	CONTROL	BRAIN_E15	25.07154705	fatp4	29.91
C6	C6♀️	C_171025_1.13	♀Control	HEMBRA	CONTROL	BRAIN_E15	25.07154705	glut1	27.19
C6	C6♀️	C_171025_1.13	♀Control	HEMBRA	CONTROL	BRAIN_E15	25.07154705	glut3	32.2
C6	C6♀️	C_171025_1.13	♀Control	HEMBRA	CONTROL	BRAIN_E15	25.07154705	gp130	28.03
C6	C6♀️	C_171025_1.13	♀Control	HEMBRA	CONTROL	BRAIN_E15	25.07154705	il6	40
C6	C6♀️	C_171025_1.13	♀Control	HEMBRA	CONTROL	BRAIN_E15	25.07154705	il6R	40
C6	C6♀️	C_171025_1.13	♀Control	HEMBRA	CONTROL	BRAIN_E15	25.07154705	slc38a1	35.19
C6	C6♀️	C_171025_1.13	♀Control	HEMBRA	CONTROL	BRAIN_E15	25.07154705	slc38a2	31.19
C6	C6♂️	C_171025_1.14	♂ Control	MACHO	CONTROL	PLACENTA_E15	25.6290433	fatcd36	26.96
C6	C6♂️	C_171025_1.14	♂ Control	MACHO	CONTROL	PLACENTA_E15	25.6290433	fatp1	32.23
C6	C6♂️	C_171025_1.14	♂ Control	MACHO	CONTROL	PLACENTA_E15	25.6290433	fatp4	27.87
C6	C6♂️	C_171025_1.14	♂ Control	MACHO	CONTROL	PLACENTA_E15	25.6290433	glut1	25.09
C6	C6♂️	C_171025_1.14	♂ Control	MACHO	CONTROL	PLACENTA_E15	25.6290433	glut3	32.12
C6	C6♂️	C_171025_1.14	♂ Control	MACHO	CONTROL	PLACENTA_E15	25.6290433	gp130	24.05
C6	C6♂️	C_171025_1.14	♂ Control	MACHO	CONTROL	PLACENTA_E15	25.6290433	il6	35.97
C6	C6♂️	C_171025_1.14	♂ Control	MACHO	CONTROL	PLACENTA_E15	25.6290433	il6R	37.16
C6	C6♂️	C_171025_1.14	♂ Control	MACHO	CONTROL	PLACENTA_E15	25.6290433	slc38a1	33.32
C6	C6♂️	C_171025_1.14	♂ Control	MACHO	CONTROL	PLACENTA_E15	25.6290433	slc38a2	
C6	C6♂️	C_171025_1.14	♂ Control	MACHO	CONTROL	BRAIN_E15	26.86675478	fatcd36	30.76
C6	C6♂️	C_171025_1.14	♂ Control	MACHO	CONTROL	BRAIN_E15	26.86675478	fatp1	33.36
C6	C6♂️	C_171025_1.14	♂ Control	MACHO	CONTROL	BRAIN_E15	26.86675478	fatp4	29.58
C6	C6♂️	C_171025_1.14	♂ Control	MACHO	CONTROL	BRAIN_E15	26.86675478	glut1	29.62
C6	C6♂️	C_171025_1.14	♂ Control	MACHO	CONTROL	BRAIN_E15	26.86675478	glut3	32.4
C6	C6♂️	C_171025_1.14	♂ Control	MACHO	CONTROL	BRAIN_E15	26.86675478	gp130	25.24
C6	C6♂️	C_171025_1.14	♂ Control	MACHO	CONTROL	BRAIN_E15	26.86675478	il6	39.87
C6	C6♂️	C_171025_1.14	♂ Control	MACHO	CONTROL	BRAIN_E15	26.86675478	il6R	38.99
C6	C6♂️	C_171025_1.14	♂ Control	MACHO	CONTROL	BRAIN_E15	26.86675478	slc38a1	33.7
C6	C6♂️	C_171025_1.14	♂ Control	MACHO	CONTROL	BRAIN_E15	26.86675478	slc38a2	31.87
C7	C7♀️	C_241025_1.15	♀Control	HEMBRA	CONTROL	PLACENTA_E15	23.10562882	fatcd36	28.14
C7	C7♀️	C_241025_1.15	♀Control	HEMBRA	CONTROL	PLACENTA_E15	23.10562882	fatp1	31.37
C7	C7♀️	C_241025_1.15	♀Control	HEMBRA	CONTROL	PLACENTA_E15	23.10562882	fatp4	28.24
C7	C7♀️	C_241025_1.15	♀Control	HEMBRA	CONTROL	PLACENTA_E15	23.10562882	glut1	25.18
C7	C7♀️	C_241025_1.15	♀Control	HEMBRA	CONTROL	PLACENTA_E15	23.10562882	glut3	31.81
C7	C7♀️	C_241025_1.15	♀Control	HEMBRA	CONTROL	PLACENTA_E15	23.10562882	gp130	25.35
C7	C7♀️	C_241025_1.15	♀Control	HEMBRA	CONTROL	PLACENTA_E15	23.10562882	il6	35.05
C7	C7♀️	C_241025_1.15	♀Control	HEMBRA	CONTROL	PLACENTA_E15	23.10562882	il6R	36.69
C7	C7♀️	C_241025_1.15	♀Control	HEMBRA	CONTROL	PLACENTA_E15	23.10562882	slc38a1	32.44
C7	C7♀️	C_241025_1.15	♀Control	HEMBRA	CONTROL	PLACENTA_E15	23.10562882	slc38a2	28.52
C7	C7♀️	C_241025_1.15	♀Control	HEMBRA	CONTROL	BRAIN_E15	28.84142171	fatcd36	27.33
C7	C7♀️	C_241025_1.15	♀Control	HEMBRA	CONTROL	BRAIN_E15	28.84142171	fatp1	33.95
C7	C7♀️	C_241025_1.15	♀Control	HEMBRA	CONTROL	BRAIN_E15	28.84142171	fatp4	31.52
C7	C7♀️	C_241025_1.15	♀Control	HEMBRA	CONTROL	BRAIN_E15	28.84142171	glut1	26.49
C7	C7♀️	C_241025_1.15	♀Control	HEMBRA	CONTROL	BRAIN_E15	28.84142171	glut3	33.52
C7	C7♀️	C_241025_1.15	♀Control	HEMBRA	CONTROL	BRAIN_E15	28.84142171	gp130	27.12
C7	C7♀️	C_241025_1.15	♀Control	HEMBRA	CONTROL	BRAIN_E15	28.84142171	il6	40
C7	C7♀️	C_241025_1.15	♀Control	HEMBRA	CONTROL	BRAIN_E15	28.84142171	il6R	40
C7	C7♀️	C_241025_1.15	♀Control	HEMBRA	CONTROL	BRAIN_E15	28.84142171	slc38a1	
C7	C7♀️	C_241025_1.15	♀Control	HEMBRA	CONTROL	BRAIN_E15	28.84142171	slc38a2	30.01
C7	C7♂️	C_241025_1.16	♂ Control	MACHO	CONTROL	PLACENTA_E15	28.01857746	fatcd36	26.64
C7	C7♂️	C_241025_1.16	♂ Control	MACHO	CONTROL	PLACENTA_E15	28.01857746	fatp1	31.24
C7	C7♂️	C_241025_1.16	♂ Control	MACHO	CONTROL	PLACENTA_E15	28.01857746	fatp4	27.05
C7	C7♂️	C_241025_1.16	♂ Control	MACHO	CONTROL	PLACENTA_E15	28.01857746	glut1	26.34
C7	C7♂️	C_241025_1.16	♂ Control	MACHO	CONTROL	PLACENTA_E15	28.01857746	glut3	30.76
C7	C7♂️	C_241025_1.16	♂ Control	MACHO	CONTROL	PLACENTA_E15	28.01857746	gp130	23.99
C7	C7♂️	C_241025_1.16	♂ Control	MACHO	CONTROL	PLACENTA_E15	28.01857746	il6	34.38
C7	C7♂️	C_241025_1.16	♂ Control	MACHO	CONTROL	PLACENTA_E15	28.01857746	il6R	35.99
C7	C7♂️	C_241025_1.16	♂ Control	MACHO	CONTROL	PLACENTA_E15	28.01857746	slc38a1	32.91
C7	C7♂️	C_241025_1.16	♂ Control	MACHO	CONTROL	PLACENTA_E15	28.01857746	slc38a2	31.21
C7	C7♂️	C_241025_1.16	♂ Control	MACHO	CONTROL	BRAIN_E15	24.48035612	fatcd36	29.66
C7	C7♂️	C_241025_1.16	♂ Control	MACHO	CONTROL	BRAIN_E15	24.48035612	fatp1	33.55
C7	C7♂️	C_241025_1.16	♂ Control	MACHO	CONTROL	BRAIN_E15	24.48035612	fatp4	31.03
C7	C7♂️	C_241025_1.16	♂ Control	MACHO	CONTROL	BRAIN_E15	24.48035612	glut1	26.3
C7	C7♂️	C_241025_1.16	♂ Control	MACHO	CONTROL	BRAIN_E15	24.48035612	glut3	31.81
C7	C7♂️	C_241025_1.16	♂ Control	MACHO	CONTROL	BRAIN_E15	24.48035612	gp130	29.13
C7	C7♂️	C_241025_1.16	♂ Control	MACHO	CONTROL	BRAIN_E15	24.48035612	il6	40
C7	C7♂️	C_241025_1.16	♂ Control	MACHO	CONTROL	BRAIN_E15	24.48035612	il6R	40
C7	C7♂️	C_241025_1.16	♂ Control	MACHO	CONTROL	BRAIN_E15	24.48035612	slc38a1	36.02
C7	C7♂️	C_241025_1.16	♂ Control	MACHO	CONTROL	BRAIN_E15	24.48035612	slc38a2	31.02
C8	C8♀️	C_251025_1.17	♀Control	HEMBRA	CONTROL	PLACENTA_E15	21.58837048	fatcd36	26.94
C8	C8♀️	C_251025_1.17	♀Control	HEMBRA	CONTROL	PLACENTA_E15	21.58837048	fatp1	32.39
C8	C8♀️	C_251025_1.17	♀Control	HEMBRA	CONTROL	PLACENTA_E15	21.58837048	fatp4	27.32
C8	C8♀️	C_251025_1.17	♀Control	HEMBRA	CONTROL	PLACENTA_E15	21.58837048	glut1	27.17
C8	C8♀️	C_251025_1.17	♀Control	HEMBRA	CONTROL	PLACENTA_E15	21.58837048	glut3	31.43
C8	C8♀️	C_251025_1.17	♀Control	HEMBRA	CONTROL	PLACENTA_E15	21.58837048	gp130	25.16
C8	C8♀️	C_251025_1.17	♀Control	HEMBRA	CONTROL	PLACENTA_E15	21.58837048	il6	36.54
C8	C8♀️	C_251025_1.17	♀Control	HEMBRA	CONTROL	PLACENTA_E15	21.58837048	il6R	35.84
C8	C8♀️	C_251025_1.17	♀Control	HEMBRA	CONTROL	PLACENTA_E15	21.58837048	slc38a1	32.54
C8	C8♀️	C_251025_1.17	♀Control	HEMBRA	CONTROL	PLACENTA_E15	21.58837048	slc38a2	28.43
C8	C8♀️	C_251025_1.17	♀Control	HEMBRA	CONTROL	BRAIN_E15	24.19274726	fatcd36	
C8	C8♀️	C_251025_1.17	♀Control	HEMBRA	CONTROL	BRAIN_E15	24.19274726	fatp1	33.47
C8	C8♀️	C_251025_1.17	♀Control	HEMBRA	CONTROL	BRAIN_E15	24.19274726	fatp4	30.83
C8	C8♀️	C_251025_1.17	♀Control	HEMBRA	CONTROL	BRAIN_E15	24.19274726	glut1	28.51
C8	C8♀️	C_251025_1.17	♀Control	HEMBRA	CONTROL	BRAIN_E15	24.19274726	glut3	34.84
C8	C8♀️	C_251025_1.17	♀Control	HEMBRA	CONTROL	BRAIN_E15	24.19274726	gp130	28.61
C8	C8♀️	C_251025_1.17	♀Control	HEMBRA	CONTROL	BRAIN_E15	24.19274726	il6	40
C8	C8♀️	C_251025_1.17	♀Control	HEMBRA	CONTROL	BRAIN_E15	24.19274726	il6R	40
C8	C8♀️	C_251025_1.17	♀Control	HEMBRA	CONTROL	BRAIN_E15	24.19274726	slc38a1	34.58
C8	C8♀️	C_251025_1.17	♀Control	HEMBRA	CONTROL	BRAIN_E15	24.19274726	slc38a2	31.78
C8	C8♂️	C_251025_1.18	♂ Control	MACHO	CONTROL	PLACENTA_E15	22.38550542	fatcd36	26.97
C8	C8♂️	C_251025_1.18	♂ Control	MACHO	CONTROL	PLACENTA_E15	22.38550542	fatp1	31.41
C8	C8♂️	C_251025_1.18	♂ Control	MACHO	CONTROL	PLACENTA_E15	22.38550542	fatp4	27.24
C8	C8♂️	C_251025_1.18	♂ Control	MACHO	CONTROL	PLACENTA_E15	22.38550542	glut1	25.99
C8	C8♂️	C_251025_1.18	♂ Control	MACHO	CONTROL	PLACENTA_E15	22.38550542	glut3	32.35
C8	C8♂️	C_251025_1.18	♂ Control	MACHO	CONTROL	PLACENTA_E15	22.38550542	gp130	24.18
C8	C8♂️	C_251025_1.18	♂ Control	MACHO	CONTROL	PLACENTA_E15	22.38550542	il6	33.18
C8	C8♂️	C_251025_1.18	♂ Control	MACHO	CONTROL	PLACENTA_E15	22.38550542	il6R	35.71
C8	C8♂️	C_251025_1.18	♂ Control	MACHO	CONTROL	PLACENTA_E15	22.38550542	slc38a1	35.03
C8	C8♂️	C_251025_1.18	♂ Control	MACHO	CONTROL	PLACENTA_E15	22.38550542	slc38a2	29.78
C8	C8♂️	C_251025_1.18	♂ Control	MACHO	CONTROL	BRAIN_E15	25.16315243	fatcd36	29.66
C8	C8♂️	C_251025_1.18	♂ Control	MACHO	CONTROL	BRAIN_E15	25.16315243	fatp1	34.41
C8	C8♂️	C_251025_1.18	♂ Control	MACHO	CONTROL	BRAIN_E15	25.16315243	fatp4	29.81
C8	C8♂️	C_251025_1.18	♂ Control	MACHO	CONTROL	BRAIN_E15	25.16315243	glut1	28.45
C8	C8♂️	C_251025_1.18	♂ Control	MACHO	CONTROL	BRAIN_E15	25.16315243	glut3	32.75
C8	C8♂️	C_251025_1.18	♂ Control	MACHO	CONTROL	BRAIN_E15	25.16315243	gp130	25.65
C8	C8♂️	C_251025_1.18	♂ Control	MACHO	CONTROL	BRAIN_E15	25.16315243	il6	40
C8	C8♂️	C_251025_1.18	♂ Control	MACHO	CONTROL	BRAIN_E15	25.16315243	il6R	38.63
C8	C8♂️	C_251025_1.18	♂ Control	MACHO	CONTROL	BRAIN_E15	25.16315243	slc38a1	34
C8	C8♂️	C_251025_1.18	♂ Control	MACHO	CONTROL	BRAIN_E15	25.16315243	slc38a2	29.97
C9	C9♀️	C_311025_1.19	♀Control	HEMBRA	CONTROL	PLACENTA_E15	25.07473043	fatcd36	27.52
C9	C9♀️	C_311025_1.19	♀Control	HEMBRA	CONTROL	PLACENTA_E15	25.07473043	fatp1	33.15
C9	C9♀️	C_311025_1.19	♀Control	HEMBRA	CONTROL	PLACENTA_E15	25.07473043	fatp4	27.56
C9	C9♀️	C_311025_1.19	♀Control	HEMBRA	CONTROL	PLACENTA_E15	25.07473043	glut1	26.59
C9	C9♀️	C_311025_1.19	♀Control	HEMBRA	CONTROL	PLACENTA_E15	25.07473043	glut3	30.65
C9	C9♀️	C_311025_1.19	♀Control	HEMBRA	CONTROL	PLACENTA_E15	25.07473043	gp130	26.11
C9	C9♀️	C_311025_1.19	♀Control	HEMBRA	CONTROL	PLACENTA_E15	25.07473043	il6	35.59
C9	C9♀️	C_311025_1.19	♀Control	HEMBRA	CONTROL	PLACENTA_E15	25.07473043	il6R	36.09
C9	C9♀️	C_311025_1.19	♀Control	HEMBRA	CONTROL	PLACENTA_E15	25.07473043	slc38a1	31.12
C9	C9♀️	C_311025_1.19	♀Control	HEMBRA	CONTROL	PLACENTA_E15	25.07473043	slc38a2	31.14
C9	C9♀️	C_311025_1.19	♀Control	HEMBRA	CONTROL	BRAIN_E15	25.23099126	fatcd36	26.11
C9	C9♀️	C_311025_1.19	♀Control	HEMBRA	CONTROL	BRAIN_E15	25.23099126	fatp1	33.24
C9	C9♀️	C_311025_1.19	♀Control	HEMBRA	CONTROL	BRAIN_E15	25.23099126	fatp4	31.81
C9	C9♀️	C_311025_1.19	♀Control	HEMBRA	CONTROL	BRAIN_E15	25.23099126	glut1	30.45
C9	C9♀️	C_311025_1.19	♀Control	HEMBRA	CONTROL	BRAIN_E15	25.23099126	glut3	33.85
C9	C9♀️	C_311025_1.19	♀Control	HEMBRA	CONTROL	BRAIN_E15	25.23099126	gp130	29.49
C9	C9♀️	C_311025_1.19	♀Control	HEMBRA	CONTROL	BRAIN_E15	25.23099126	il6	40
C9	C9♀️	C_311025_1.19	♀Control	HEMBRA	CONTROL	BRAIN_E15	25.23099126	il6R	40
C9	C9♀️	C_311025_1.19	♀Control	HEMBRA	CONTROL	BRAIN_E15	25.23099126	slc38a1	33.53
C9	C9♀️	C_311025_1.19	♀Control	HEMBRA	CONTROL	BRAIN_E15	25.23099126	slc38a2	31.12
C9	C9♂️	C_311025_1.20	♂ Control	MACHO	CONTROL	PLACENTA_E15	26.05831029	fatcd36	
C9	C9♂️	C_311025_1.20	♂ Control	MACHO	CONTROL	PLACENTA_E15	26.05831029	fatp1	31.61
C9	C9♂️	C_311025_1.20	♂ Control	MACHO	CONTROL	PLACENTA_E15	26.05831029	fatp4	28.21
C9	C9♂️	C_311025_1.20	♂ Control	MACHO	CONTROL	PLACENTA_E15	26.05831029	glut1	25.13
C9	C9♂️	C_311025_1.20	♂ Control	MACHO	CONTROL	PLACENTA_E15	26.05831029	glut3	31.19
C9	C9♂️	C_311025_1.20	♂ Control	MACHO	CONTROL	PLACENTA_E15	26.05831029	gp130	25.76
C9	C9♂️	C_311025_1.20	♂ Control	MACHO	CONTROL	PLACENTA_E15	26.05831029	il6	36.04
C9	C9♂️	C_311025_1.20	♂ Control	MACHO	CONTROL	PLACENTA_E15	26.05831029	il6R	37.66
C9	C9♂️	C_311025_1.20	♂ Control	MACHO	CONTROL	PLACENTA_E15	26.05831029	slc38a1	34.28
C9	C9♂️	C_311025_1.20	♂ Control	MACHO	CONTROL	PLACENTA_E15	26.05831029	slc38a2	30.71
C9	C9♂️	C_311025_1.20	♂ Control	MACHO	CONTROL	BRAIN_E15	24.77743575	fatcd36	28.25
C9	C9♂️	C_311025_1.20	♂ Control	MACHO	CONTROL	BRAIN_E15	24.77743575	fatp1	34.04
C9	C9♂️	C_311025_1.20	♂ Control	MACHO	CONTROL	BRAIN_E15	24.77743575	fatp4	30.8
C9	C9♂️	C_311025_1.20	♂ Control	MACHO	CONTROL	BRAIN_E15	24.77743575	glut1	29.81
C9	C9♂️	C_311025_1.20	♂ Control	MACHO	CONTROL	BRAIN_E15	24.77743575	glut3	32.06
C9	C9♂️	C_311025_1.20	♂ Control	MACHO	CONTROL	BRAIN_E15	24.77743575	gp130	27.93
C9	C9♂️	C_311025_1.20	♂ Control	MACHO	CONTROL	BRAIN_E15	24.77743575	il6	40
C9	C9♂️	C_311025_1.20	♂ Control	MACHO	CONTROL	BRAIN_E15	24.77743575	il6R	39.72
C9	C9♂️	C_311025_1.20	♂ Control	MACHO	CONTROL	BRAIN_E15	24.77743575	slc38a1	34.19
C9	C9♂️	C_311025_1.20	♂ Control	MACHO	CONTROL	BRAIN_E15	24.77743575	slc38a2	32.01
L1	L1♀️	L_011025_1.03	♀ LPS	HEMBRA	LPS	PLACENTA_E15	25.37179846	fatcd36	26.72
L1	L1♀️	L_011025_1.03	♀ LPS	HEMBRA	LPS	PLACENTA_E15	25.37179846	fatp1	31.96
L1	L1♀️	L_011025_1.03	♀ LPS	HEMBRA	LPS	PLACENTA_E15	25.37179846	fatp4	26.61
L1	L1♀️	L_011025_1.03	♀ LPS	HEMBRA	LPS	PLACENTA_E15	25.37179846	glut1	26.24
L1	L1♀️	L_011025_1.03	♀ LPS	HEMBRA	LPS	PLACENTA_E15	25.37179846	glut3	31.21
L1	L1♀️	L_011025_1.03	♀ LPS	HEMBRA	LPS	PLACENTA_E15	25.37179846	gp130	24.94
L1	L1♀️	L_011025_1.03	♀ LPS	HEMBRA	LPS	PLACENTA_E15	25.37179846	il6	34.51
L1	L1♀️	L_011025_1.03	♀ LPS	HEMBRA	LPS	PLACENTA_E15	25.37179846	il6R	35.6
L1	L1♀️	L_011025_1.03	♀ LPS	HEMBRA	LPS	PLACENTA_E15	25.37179846	slc38a1	33.69
L1	L1♀️	L_011025_1.03	♀ LPS	HEMBRA	LPS	PLACENTA_E15	25.37179846	slc38a2	29.27
L1	L1♀️	L_011025_1.03	♀ LPS	HEMBRA	LPS	BRAIN_E15	23.28238965	fatcd36	28.07
L1	L1♀️	L_011025_1.03	♀ LPS	HEMBRA	LPS	BRAIN_E15	23.28238965	fatp1	34.25
L1	L1♀️	L_011025_1.03	♀ LPS	HEMBRA	LPS	BRAIN_E15	23.28238965	fatp4	29.96
L1	L1♀️	L_011025_1.03	♀ LPS	HEMBRA	LPS	BRAIN_E15	23.28238965	glut1	28.12
L1	L1♀️	L_011025_1.03	♀ LPS	HEMBRA	LPS	BRAIN_E15	23.28238965	glut3	35.81
L1	L1♀️	L_011025_1.03	♀ LPS	HEMBRA	LPS	BRAIN_E15	23.28238965	gp130	28.17
L1	L1♀️	L_011025_1.03	♀ LPS	HEMBRA	LPS	BRAIN_E15	23.28238965	il6	38.98
L1	L1♀️	L_011025_1.03	♀ LPS	HEMBRA	LPS	BRAIN_E15	23.28238965	il6R	40
L1	L1♀️	L_011025_1.03	♀ LPS	HEMBRA	LPS	BRAIN_E15	23.28238965	slc38a1	34.85
L1	L1♀️	L_011025_1.03	♀ LPS	HEMBRA	LPS	BRAIN_E15	23.28238965	slc38a2	30.1
L1	L1♂️	L_011025_1.04	♂ LPS	MACHO	LPS	PLACENTA_E15	24.33009624	fatcd36	28.32
L1	L1♂️	L_011025_1.04	♂ LPS	MACHO	LPS	PLACENTA_E15	24.33009624	fatp1	32.22
L1	L1♂️	L_011025_1.04	♂ LPS	MACHO	LPS	PLACENTA_E15	24.33009624	fatp4	27.66
L1	L1♂️	L_011025_1.04	♂ LPS	MACHO	LPS	PLACENTA_E15	24.33009624	glut1	26.33
L1	L1♂️	L_011025_1.04	♂ LPS	MACHO	LPS	PLACENTA_E15	24.33009624	glut3	31.33
L1	L1♂️	L_011025_1.04	♂ LPS	MACHO	LPS	PLACENTA_E15	24.33009624	gp130	25.68
L1	L1♂️	L_011025_1.04	♂ LPS	MACHO	LPS	PLACENTA_E15	24.33009624	il6	33.61
L1	L1♂️	L_011025_1.04	♂ LPS	MACHO	LPS	PLACENTA_E15	24.33009624	il6R	37.45
L1	L1♂️	L_011025_1.04	♂ LPS	MACHO	LPS	PLACENTA_E15	24.33009624	slc38a1	31.46
L1	L1♂️	L_011025_1.04	♂ LPS	MACHO	LPS	PLACENTA_E15	24.33009624	slc38a2	27.94
L1	L1♂️	L_011025_1.04	♂ LPS	MACHO	LPS	BRAIN_E15	22.30841286	fatcd36	30.21
L1	L1♂️	L_011025_1.04	♂ LPS	MACHO	LPS	BRAIN_E15	22.30841286	fatp1	31.98
L1	L1♂️	L_011025_1.04	♂ LPS	MACHO	LPS	BRAIN_E15	22.30841286	fatp4	31.14
L1	L1♂️	L_011025_1.04	♂ LPS	MACHO	LPS	BRAIN_E15	22.30841286	glut1	27.26
L1	L1♂️	L_011025_1.04	♂ LPS	MACHO	LPS	BRAIN_E15	22.30841286	glut3	33.74
L1	L1♂️	L_011025_1.04	♂ LPS	MACHO	LPS	BRAIN_E15	22.30841286	gp130	27.24
L1	L1♂️	L_011025_1.04	♂ LPS	MACHO	LPS	BRAIN_E15	22.30841286	il6	40
L1	L1♂️	L_011025_1.04	♂ LPS	MACHO	LPS	BRAIN_E15	22.30841286	il6R	40
L1	L1♂️	L_011025_1.04	♂ LPS	MACHO	LPS	BRAIN_E15	22.30841286	slc38a1	36.98
L1	L1♂️	L_011025_1.04	♂ LPS	MACHO	LPS	BRAIN_E15	22.30841286	slc38a2	31.49
L2	L2♀️	L_021025_1.05	♀ LPS	HEMBRA	LPS	PLACENTA_E15	27.39843167	fatcd36	26.31
L2	L2♀️	L_021025_1.05	♀ LPS	HEMBRA	LPS	PLACENTA_E15	27.39843167	fatp1	32.27
L2	L2♀️	L_021025_1.05	♀ LPS	HEMBRA	LPS	PLACENTA_E15	27.39843167	fatp4	26.96
L2	L2♀️	L_021025_1.05	♀ LPS	HEMBRA	LPS	PLACENTA_E15	27.39843167	glut1	26.83
L2	L2♀️	L_021025_1.05	♀ LPS	HEMBRA	LPS	PLACENTA_E15	27.39843167	glut3	31.11
L2	L2♀️	L_021025_1.05	♀ LPS	HEMBRA	LPS	PLACENTA_E15	27.39843167	gp130	24.58
L2	L2♀️	L_021025_1.05	♀ LPS	HEMBRA	LPS	PLACENTA_E15	27.39843167	il6	34.47
L2	L2♀️	L_021025_1.05	♀ LPS	HEMBRA	LPS	PLACENTA_E15	27.39843167	il6R	36.3
L2	L2♀️	L_021025_1.05	♀ LPS	HEMBRA	LPS	PLACENTA_E15	27.39843167	slc38a1	31.67
L2	L2♀️	L_021025_1.05	♀ LPS	HEMBRA	LPS	PLACENTA_E15	27.39843167	slc38a2	28.66
L2	L2♀️	L_021025_1.05	♀ LPS	HEMBRA	LPS	BRAIN_E15	26.66767481	fatcd36	27.54
L2	L2♀️	L_021025_1.05	♀ LPS	HEMBRA	LPS	BRAIN_E15	26.66767481	fatp1	33.7
L2	L2♀️	L_021025_1.05	♀ LPS	HEMBRA	LPS	BRAIN_E15	26.66767481	fatp4	31.47
L2	L2♀️	L_021025_1.05	♀ LPS	HEMBRA	LPS	BRAIN_E15	26.66767481	glut1	26.94
L2	L2♀️	L_021025_1.05	♀ LPS	HEMBRA	LPS	BRAIN_E15	26.66767481	glut3	33.64
L2	L2♀️	L_021025_1.05	♀ LPS	HEMBRA	LPS	BRAIN_E15	26.66767481	gp130	27.82
L2	L2♀️	L_021025_1.05	♀ LPS	HEMBRA	LPS	BRAIN_E15	26.66767481	il6	40
L2	L2♀️	L_021025_1.05	♀ LPS	HEMBRA	LPS	BRAIN_E15	26.66767481	il6R	39.9
L2	L2♀️	L_021025_1.05	♀ LPS	HEMBRA	LPS	BRAIN_E15	26.66767481	slc38a1	35.34
L2	L2♀️	L_021025_1.05	♀ LPS	HEMBRA	LPS	BRAIN_E15	26.66767481	slc38a2	32.41
L2	L2♂️	L_021025_1.06	♂ LPS	MACHO	LPS	PLACENTA_E15	28.6793469	fatcd36	28.22
L2	L2♂️	L_021025_1.06	♂ LPS	MACHO	LPS	PLACENTA_E15	28.6793469	fatp1	32.31
L2	L2♂️	L_021025_1.06	♂ LPS	MACHO	LPS	PLACENTA_E15	28.6793469	fatp4	28.16
L2	L2♂️	L_021025_1.06	♂ LPS	MACHO	LPS	PLACENTA_E15	28.6793469	glut1	25.97
L2	L2♂️	L_021025_1.06	♂ LPS	MACHO	LPS	PLACENTA_E15	28.6793469	glut3	30.38
L2	L2♂️	L_021025_1.06	♂ LPS	MACHO	LPS	PLACENTA_E15	28.6793469	gp130	25.46
L2	L2♂️	L_021025_1.06	♂ LPS	MACHO	LPS	PLACENTA_E15	28.6793469	il6	34.67
L2	L2♂️	L_021025_1.06	♂ LPS	MACHO	LPS	PLACENTA_E15	28.6793469	il6R	37.05
L2	L2♂️	L_021025_1.06	♂ LPS	MACHO	LPS	PLACENTA_E15	28.6793469	slc38a1	34.38
L2	L2♂️	L_021025_1.06	♂ LPS	MACHO	LPS	PLACENTA_E15	28.6793469	slc38a2	28.41
L2	L2♂️	L_021025_1.06	♂ LPS	MACHO	LPS	BRAIN_E15	22.15494536	fatcd36	28.93
L2	L2♂️	L_021025_1.06	♂ LPS	MACHO	LPS	BRAIN_E15	22.15494536	fatp1	34.52
L2	L2♂️	L_021025_1.06	♂ LPS	MACHO	LPS	BRAIN_E15	22.15494536	fatp4	29.43
L2	L2♂️	L_021025_1.06	♂ LPS	MACHO	LPS	BRAIN_E15	22.15494536	glut1	29.35
L2	L2♂️	L_021025_1.06	♂ LPS	MACHO	LPS	BRAIN_E15	22.15494536	glut3	33.15
L2	L2♂️	L_021025_1.06	♂ LPS	MACHO	LPS	BRAIN_E15	22.15494536	gp130	27.06
L2	L2♂️	L_021025_1.06	♂ LPS	MACHO	LPS	BRAIN_E15	22.15494536	il6	40
L2	L2♂️	L_021025_1.06	♂ LPS	MACHO	LPS	BRAIN_E15	22.15494536	il6R	38.97
L2	L2♂️	L_021025_1.06	♂ LPS	MACHO	LPS	BRAIN_E15	22.15494536	slc38a1	33.84
L2	L2♂️	L_021025_1.06	♂ LPS	MACHO	LPS	BRAIN_E15	22.15494536	slc38a2	31.76
L3	L3♀️	L_031025_1.07	♀ LPS	HEMBRA	LPS	PLACENTA_E15	26.1067718	fatcd36	28.72
L3	L3♀️	L_031025_1.07	♀ LPS	HEMBRA	LPS	PLACENTA_E15	26.1067718	fatp1	32.32
L3	L3♀️	L_031025_1.07	♀ LPS	HEMBRA	LPS	PLACENTA_E15	26.1067718	fatp4	29.69
L3	L3♀️	L_031025_1.07	♀ LPS	HEMBRA	LPS	PLACENTA_E15	26.1067718	glut1	26.29
L3	L3♀️	L_031025_1.07	♀ LPS	HEMBRA	LPS	PLACENTA_E15	26.1067718	glut3	31.27
L3	L3♀️	L_031025_1.07	♀ LPS	HEMBRA	LPS	PLACENTA_E15	26.1067718	gp130	24.97
L3	L3♀️	L_031025_1.07	♀ LPS	HEMBRA	LPS	PLACENTA_E15	26.1067718	il6	34.35
L3	L3♀️	L_031025_1.07	♀ LPS	HEMBRA	LPS	PLACENTA_E15	26.1067718	il6R	35.43
L3	L3♀️	L_031025_1.07	♀ LPS	HEMBRA	LPS	PLACENTA_E15	26.1067718	slc38a1	33.18
L3	L3♀️	L_031025_1.07	♀ LPS	HEMBRA	LPS	PLACENTA_E15	26.1067718	slc38a2	29.6
L3	L3♀️	L_031025_1.07	♀ LPS	HEMBRA	LPS	BRAIN_E15	25.39006335	fatcd36	29.35
L3	L3♀️	L_031025_1.07	♀ LPS	HEMBRA	LPS	BRAIN_E15	25.39006335	fatp1	35.54
L3	L3♀️	L_031025_1.07	♀ LPS	HEMBRA	LPS	BRAIN_E15	25.39006335	fatp4	29.03
L3	L3♀️	L_031025_1.07	♀ LPS	HEMBRA	LPS	BRAIN_E15	25.39006335	glut1	
L3	L3♀️	L_031025_1.07	♀ LPS	HEMBRA	LPS	BRAIN_E15	25.39006335	glut3	33.8
L3	L3♀️	L_031025_1.07	♀ LPS	HEMBRA	LPS	BRAIN_E15	25.39006335	gp130	27.08
L3	L3♀️	L_031025_1.07	♀ LPS	HEMBRA	LPS	BRAIN_E15	25.39006335	il6	39.59
L3	L3♀️	L_031025_1.07	♀ LPS	HEMBRA	LPS	BRAIN_E15	25.39006335	il6R	40
L3	L3♀️	L_031025_1.07	♀ LPS	HEMBRA	LPS	BRAIN_E15	25.39006335	slc38a1	34.6
L3	L3♀️	L_031025_1.07	♀ LPS	HEMBRA	LPS	BRAIN_E15	25.39006335	slc38a2	30.97
L3	L3♂️	L_031025_1.08	♂ LPS	MACHO	LPS	PLACENTA_E15	24.52232555	fatcd36	26.27
L3	L3♂️	L_031025_1.08	♂ LPS	MACHO	LPS	PLACENTA_E15	24.52232555	fatp1	33.55
L3	L3♂️	L_031025_1.08	♂ LPS	MACHO	LPS	PLACENTA_E15	24.52232555	fatp4	28.69
L3	L3♂️	L_031025_1.08	♂ LPS	MACHO	LPS	PLACENTA_E15	24.52232555	glut1	24.05
L3	L3♂️	L_031025_1.08	♂ LPS	MACHO	LPS	PLACENTA_E15	24.52232555	glut3	31.79
L3	L3♂️	L_031025_1.08	♂ LPS	MACHO	LPS	PLACENTA_E15	24.52232555	gp130	24.91
L3	L3♂️	L_031025_1.08	♂ LPS	MACHO	LPS	PLACENTA_E15	24.52232555	il6	34.34
L3	L3♂️	L_031025_1.08	♂ LPS	MACHO	LPS	PLACENTA_E15	24.52232555	il6R	35.06
L3	L3♂️	L_031025_1.08	♂ LPS	MACHO	LPS	PLACENTA_E15	24.52232555	slc38a1	33.89
L3	L3♂️	L_031025_1.08	♂ LPS	MACHO	LPS	PLACENTA_E15	24.52232555	slc38a2	28.53
L3	L3♂️	L_031025_1.08	♂ LPS	MACHO	LPS	BRAIN_E15	28.67941053	fatcd36	28.72
L3	L3♂️	L_031025_1.08	♂ LPS	MACHO	LPS	BRAIN_E15	28.67941053	fatp1	35.59
L3	L3♂️	L_031025_1.08	♂ LPS	MACHO	LPS	BRAIN_E15	28.67941053	fatp4	29.74
L3	L3♂️	L_031025_1.08	♂ LPS	MACHO	LPS	BRAIN_E15	28.67941053	glut1	27.85
L3	L3♂️	L_031025_1.08	♂ LPS	MACHO	LPS	BRAIN_E15	28.67941053	glut3	33.3
L3	L3♂️	L_031025_1.08	♂ LPS	MACHO	LPS	BRAIN_E15	28.67941053	gp130	25.88
L3	L3♂️	L_031025_1.08	♂ LPS	MACHO	LPS	BRAIN_E15	28.67941053	il6	40
L3	L3♂️	L_031025_1.08	♂ LPS	MACHO	LPS	BRAIN_E15	28.67941053	il6R	39.9
L3	L3♂️	L_031025_1.08	♂ LPS	MACHO	LPS	BRAIN_E15	28.67941053	slc38a1	34.67
L3	L3♂️	L_031025_1.08	♂ LPS	MACHO	LPS	BRAIN_E15	28.67941053	slc38a2	29.71
L4	L4♀️	L_091025_1.09	♀ LPS	HEMBRA	LPS	PLACENTA_E15	24.7569284	fatcd36	26.74
L4	L4♀️	L_091025_1.09	♀ LPS	HEMBRA	LPS	PLACENTA_E15	24.7569284	fatp1	31.79
L4	L4♀️	L_091025_1.09	♀ LPS	HEMBRA	LPS	PLACENTA_E15	24.7569284	fatp4	27.6
L4	L4♀️	L_091025_1.09	♀ LPS	HEMBRA	LPS	PLACENTA_E15	24.7569284	glut1	25.22
L4	L4♀️	L_091025_1.09	♀ LPS	HEMBRA	LPS	PLACENTA_E15	24.7569284	glut3	31.58
L4	L4♀️	L_091025_1.09	♀ LPS	HEMBRA	LPS	PLACENTA_E15	24.7569284	gp130	25.47
L4	L4♀️	L_091025_1.09	♀ LPS	HEMBRA	LPS	PLACENTA_E15	24.7569284	il6	34.65
L4	L4♀️	L_091025_1.09	♀ LPS	HEMBRA	LPS	PLACENTA_E15	24.7569284	il6R	36.34
L4	L4♀️	L_091025_1.09	♀ LPS	HEMBRA	LPS	PLACENTA_E15	24.7569284	slc38a1	31.41
L4	L4♀️	L_091025_1.09	♀ LPS	HEMBRA	LPS	PLACENTA_E15	24.7569284	slc38a2	30.02
L4	L4♀️	L_091025_1.09	♀ LPS	HEMBRA	LPS	BRAIN_E15	23.01065601	fatcd36	30.7
L4	L4♀️	L_091025_1.09	♀ LPS	HEMBRA	LPS	BRAIN_E15	23.01065601	fatp1	32.72
L4	L4♀️	L_091025_1.09	♀ LPS	HEMBRA	LPS	BRAIN_E15	23.01065601	fatp4	29.43
L4	L4♀️	L_091025_1.09	♀ LPS	HEMBRA	LPS	BRAIN_E15	23.01065601	glut1	29.34
L4	L4♀️	L_091025_1.09	♀ LPS	HEMBRA	LPS	BRAIN_E15	23.01065601	glut3	34.29
L4	L4♀️	L_091025_1.09	♀ LPS	HEMBRA	LPS	BRAIN_E15	23.01065601	gp130	28.03
L4	L4♀️	L_091025_1.09	♀ LPS	HEMBRA	LPS	BRAIN_E15	23.01065601	il6	39.2
L4	L4♀️	L_091025_1.09	♀ LPS	HEMBRA	LPS	BRAIN_E15	23.01065601	il6R	40
L4	L4♀️	L_091025_1.09	♀ LPS	HEMBRA	LPS	BRAIN_E15	23.01065601	slc38a1	33.48
L4	L4♀️	L_091025_1.09	♀ LPS	HEMBRA	LPS	BRAIN_E15	23.01065601	slc38a2	32.19
L4	L4♂️	L_091025_1.10	♂ LPS	MACHO	LPS	PLACENTA_E15	23.13164241	fatcd36	27.33
L4	L4♂️	L_091025_1.10	♂ LPS	MACHO	LPS	PLACENTA_E15	23.13164241	fatp1	32.62
L4	L4♂️	L_091025_1.10	♂ LPS	MACHO	LPS	PLACENTA_E15	23.13164241	fatp4	27.76
L4	L4♂️	L_091025_1.10	♂ LPS	MACHO	LPS	PLACENTA_E15	23.13164241	glut1	25.71
L4	L4♂️	L_091025_1.10	♂ LPS	MACHO	LPS	PLACENTA_E15	23.13164241	glut3	31.31
L4	L4♂️	L_091025_1.10	♂ LPS	MACHO	LPS	PLACENTA_E15	23.13164241	gp130	25.87
L4	L4♂️	L_091025_1.10	♂ LPS	MACHO	LPS	PLACENTA_E15	23.13164241	il6	34.7
L4	L4♂️	L_091025_1.10	♂ LPS	MACHO	LPS	PLACENTA_E15	23.13164241	il6R	36.08
L4	L4♂️	L_091025_1.10	♂ LPS	MACHO	LPS	PLACENTA_E15	23.13164241	slc38a1	34.82
L4	L4♂️	L_091025_1.10	♂ LPS	MACHO	LPS	PLACENTA_E15	23.13164241	slc38a2	29.76
L4	L4♂️	L_091025_1.10	♂ LPS	MACHO	LPS	BRAIN_E15	24.77323697	fatcd36	29.27
L4	L4♂️	L_091025_1.10	♂ LPS	MACHO	LPS	BRAIN_E15	24.77323697	fatp1	34.18
L4	L4♂️	L_091025_1.10	♂ LPS	MACHO	LPS	BRAIN_E15	24.77323697	fatp4	29.23
L4	L4♂️	L_091025_1.10	♂ LPS	MACHO	LPS	BRAIN_E15	24.77323697	glut1	28.93
L4	L4♂️	L_091025_1.10	♂ LPS	MACHO	LPS	BRAIN_E15	24.77323697	glut3	34.44
L4	L4♂️	L_091025_1.10	♂ LPS	MACHO	LPS	BRAIN_E15	24.77323697	gp130	27.91
L4	L4♂️	L_091025_1.10	♂ LPS	MACHO	LPS	BRAIN_E15	24.77323697	il6	38.53
L4	L4♂️	L_091025_1.10	♂ LPS	MACHO	LPS	BRAIN_E15	24.77323697	il6R	40
L4	L4♂️	L_091025_1.10	♂ LPS	MACHO	LPS	BRAIN_E15	24.77323697	slc38a1	36.23
L4	L4♂️	L_091025_1.10	♂ LPS	MACHO	LPS	BRAIN_E15	24.77323697	slc38a2	
L5	L5♀️	L_101025_1.11	♀ LPS	HEMBRA	LPS	PLACENTA_E15	28.80056901	fatcd36	27.09
L5	L5♀️	L_101025_1.11	♀ LPS	HEMBRA	LPS	PLACENTA_E15	28.80056901	fatp1	31.54
L5	L5♀️	L_101025_1.11	♀ LPS	HEMBRA	LPS	PLACENTA_E15	28.80056901	fatp4	29.29
L5	L5♀️	L_101025_1.11	♀ LPS	HEMBRA	LPS	PLACENTA_E15	28.80056901	glut1	25.48
L5	L5♀️	L_101025_1.11	♀ LPS	HEMBRA	LPS	PLACENTA_E15	28.80056901	glut3	30.92
L5	L5♀️	L_101025_1.11	♀ LPS	HEMBRA	LPS	PLACENTA_E15	28.80056901	gp130	25.72
L5	L5♀️	L_101025_1.11	♀ LPS	HEMBRA	LPS	PLACENTA_E15	28.80056901	il6	37.3
L5	L5♀️	L_101025_1.11	♀ LPS	HEMBRA	LPS	PLACENTA_E15	28.80056901	il6R	36.17
L5	L5♀️	L_101025_1.11	♀ LPS	HEMBRA	LPS	PLACENTA_E15	28.80056901	slc38a1	33.11
L5	L5♀️	L_101025_1.11	♀ LPS	HEMBRA	LPS	PLACENTA_E15	28.80056901	slc38a2	30.2
L5	L5♀️	L_101025_1.11	♀ LPS	HEMBRA	LPS	BRAIN_E15	24.43557946	fatcd36	30.4
L5	L5♀️	L_101025_1.11	♀ LPS	HEMBRA	LPS	BRAIN_E15	24.43557946	fatp1	33.98
L5	L5♀️	L_101025_1.11	♀ LPS	HEMBRA	LPS	BRAIN_E15	24.43557946	fatp4	30.59
L5	L5♀️	L_101025_1.11	♀ LPS	HEMBRA	LPS	BRAIN_E15	24.43557946	glut1	28.55
L5	L5♀️	L_101025_1.11	♀ LPS	HEMBRA	LPS	BRAIN_E15	24.43557946	glut3	
L5	L5♀️	L_101025_1.11	♀ LPS	HEMBRA	LPS	BRAIN_E15	24.43557946	gp130	26.59
L5	L5♀️	L_101025_1.11	♀ LPS	HEMBRA	LPS	BRAIN_E15	24.43557946	il6	40
L5	L5♀️	L_101025_1.11	♀ LPS	HEMBRA	LPS	BRAIN_E15	24.43557946	il6R	38.94
L5	L5♀️	L_101025_1.11	♀ LPS	HEMBRA	LPS	BRAIN_E15	24.43557946	slc38a1	36.4
L5	L5♀️	L_101025_1.11	♀ LPS	HEMBRA	LPS	BRAIN_E15	24.43557946	slc38a2	31.96
L5	L5♂️	L_101025_1.12	♂ LPS	MACHO	LPS	PLACENTA_E15	22.04345038	fatcd36	26.98
L5	L5♂️	L_101025_1.12	♂ LPS	MACHO	LPS	PLACENTA_E15	22.04345038	fatp1	33.23
L5	L5♂️	L_101025_1.12	♂ LPS	MACHO	LPS	PLACENTA_E15	22.04345038	fatp4	26.93
L5	L5♂️	L_101025_1.12	♂ LPS	MACHO	LPS	PLACENTA_E15	22.04345038	glut1	
L5	L5♂️	L_101025_1.12	♂ LPS	MACHO	LPS	PLACENTA_E15	22.04345038	glut3	30.85
L5	L5♂️	L_101025_1.12	♂ LPS	MACHO	LPS	PLACENTA_E15	22.04345038	gp130	25.94
L5	L5♂️	L_101025_1.12	♂ LPS	MACHO	LPS	PLACENTA_E15	22.04345038	il6	33.54
L5	L5♂️	L_101025_1.12	♂ LPS	MACHO	LPS	PLACENTA_E15	22.04345038	il6R	37.23
L5	L5♂️	L_101025_1.12	♂ LPS	MACHO	LPS	PLACENTA_E15	22.04345038	slc38a1	32.22
L5	L5♂️	L_101025_1.12	♂ LPS	MACHO	LPS	PLACENTA_E15	22.04345038	slc38a2	28.66
L5	L5♂️	L_101025_1.12	♂ LPS	MACHO	LPS	BRAIN_E15	25.0037563	fatcd36	28.15
L5	L5♂️	L_101025_1.12	♂ LPS	MACHO	LPS	BRAIN_E15	25.0037563	fatp1	34.39
L5	L5♂️	L_101025_1.12	♂ LPS	MACHO	LPS	BRAIN_E15	25.0037563	fatp4	31.17
L5	L5♂️	L_101025_1.12	♂ LPS	MACHO	LPS	BRAIN_E15	25.0037563	glut1	27.09
L5	L5♂️	L_101025_1.12	♂ LPS	MACHO	LPS	BRAIN_E15	25.0037563	glut3	32.32
L5	L5♂️	L_101025_1.12	♂ LPS	MACHO	LPS	BRAIN_E15	25.0037563	gp130	27.15
L5	L5♂️	L_101025_1.12	♂ LPS	MACHO	LPS	BRAIN_E15	25.0037563	il6	39.8
L5	L5♂️	L_101025_1.12	♂ LPS	MACHO	LPS	BRAIN_E15	25.0037563	il6R	39.25
L5	L5♂️	L_101025_1.12	♂ LPS	MACHO	LPS	BRAIN_E15	25.0037563	slc38a1	34.55
L5	L5♂️	L_101025_1.12	♂ LPS	MACHO	LPS	BRAIN_E15	25.0037563	slc38a2	
L6	L6♀️	L_171025_1.13	♀ LPS	HEMBRA	LPS	PLACENTA_E15	27.12617109	fatcd36	
L6	L6♀️	L_171025_1.13	♀ LPS	HEMBRA	LPS	PLACENTA_E15	27.12617109	fatp1	32.72
L6	L6♀️	L_171025_1.13	♀ LPS	HEMBRA	LPS	PLACENTA_E15	27.12617109	fatp4	28.72
L6	L6♀️	L_171025_1.13	♀ LPS	HEMBRA	LPS	PLACENTA_E15	27.12617109	glut1	25.48
L6	L6♀️	L_171025_1.13	♀ LPS	HEMBRA	LPS	PLACENTA_E15	27.12617109	glut3	31.57
L6	L6♀️	L_171025_1.13	♀ LPS	HEMBRA	LPS	PLACENTA_E15	27.12617109	gp130	25.62
L6	L6♀️	L_171025_1.13	♀ LPS	HEMBRA	LPS	PLACENTA_E15	27.12617109	il6	33.85
L6	L6♀️	L_171025_1.13	♀ LPS	HEMBRA	LPS	PLACENTA_E15	27.12617109	il6R	37.1
L6	L6♀️	L_171025_1.13	♀ LPS	HEMBRA	LPS	PLACENTA_E15	27.12617109	slc38a1	32.4
L6	L6♀️	L_171025_1.13	♀ LPS	HEMBRA	LPS	PLACENTA_E15	27.12617109	slc38a2	28.72
L6	L6♀️	L_171025_1.13	♀ LPS	HEMBRA	LPS	BRAIN_E15	23.68805343	fatcd36	
L6	L6♀️	L_171025_1.13	♀ LPS	HEMBRA	LPS	BRAIN_E15	23.68805343	fatp1	33.29
L6	L6♀️	L_171025_1.13	♀ LPS	HEMBRA	LPS	BRAIN_E15	23.68805343	fatp4	30.29
L6	L6♀️	L_171025_1.13	♀ LPS	HEMBRA	LPS	BRAIN_E15	23.68805343	glut1	28.89
L6	L6♀️	L_171025_1.13	♀ LPS	HEMBRA	LPS	BRAIN_E15	23.68805343	glut3	33.18
L6	L6♀️	L_171025_1.13	♀ LPS	HEMBRA	LPS	BRAIN_E15	23.68805343	gp130	27.47
L6	L6♀️	L_171025_1.13	♀ LPS	HEMBRA	LPS	BRAIN_E15	23.68805343	il6	40
L6	L6♀️	L_171025_1.13	♀ LPS	HEMBRA	LPS	BRAIN_E15	23.68805343	il6R	37.78
L6	L6♀️	L_171025_1.13	♀ LPS	HEMBRA	LPS	BRAIN_E15	23.68805343	slc38a1	34.44
L6	L6♀️	L_171025_1.13	♀ LPS	HEMBRA	LPS	BRAIN_E15	23.68805343	slc38a2	31.99
L6	L6♂️	L_171025_1.14	♂ LPS	MACHO	LPS	PLACENTA_E15	23.27433422	fatcd36	26.65
L6	L6♂️	L_171025_1.14	♂ LPS	MACHO	LPS	PLACENTA_E15	23.27433422	fatp1	32.78
L6	L6♂️	L_171025_1.14	♂ LPS	MACHO	LPS	PLACENTA_E15	23.27433422	fatp4	27.7
L6	L6♂️	L_171025_1.14	♂ LPS	MACHO	LPS	PLACENTA_E15	23.27433422	glut1	26.13
L6	L6♂️	L_171025_1.14	♂ LPS	MACHO	LPS	PLACENTA_E15	23.27433422	glut3	31.12
L6	L6♂️	L_171025_1.14	♂ LPS	MACHO	LPS	PLACENTA_E15	23.27433422	gp130	25.07
L6	L6♂️	L_171025_1.14	♂ LPS	MACHO	LPS	PLACENTA_E15	23.27433422	il6	35.93
L6	L6♂️	L_171025_1.14	♂ LPS	MACHO	LPS	PLACENTA_E15	23.27433422	il6R	36.54
L6	L6♂️	L_171025_1.14	♂ LPS	MACHO	LPS	PLACENTA_E15	23.27433422	slc38a1	32.71
L6	L6♂️	L_171025_1.14	♂ LPS	MACHO	LPS	PLACENTA_E15	23.27433422	slc38a2	30.23
L6	L6♂️	L_171025_1.14	♂ LPS	MACHO	LPS	BRAIN_E15	25.15329517	fatcd36	32.14
L6	L6♂️	L_171025_1.14	♂ LPS	MACHO	LPS	BRAIN_E15	25.15329517	fatp1	33.92
L6	L6♂️	L_171025_1.14	♂ LPS	MACHO	LPS	BRAIN_E15	25.15329517	fatp4	29.91
L6	L6♂️	L_171025_1.14	♂ LPS	MACHO	LPS	BRAIN_E15	25.15329517	glut1	25.92
L6	L6♂️	L_171025_1.14	♂ LPS	MACHO	LPS	BRAIN_E15	25.15329517	glut3	33.64
L6	L6♂️	L_171025_1.14	♂ LPS	MACHO	LPS	BRAIN_E15	25.15329517	gp130	27.28
L6	L6♂️	L_171025_1.14	♂ LPS	MACHO	LPS	BRAIN_E15	25.15329517	il6	40
L6	L6♂️	L_171025_1.14	♂ LPS	MACHO	LPS	BRAIN_E15	25.15329517	il6R	37.69
L6	L6♂️	L_171025_1.14	♂ LPS	MACHO	LPS	BRAIN_E15	25.15329517	slc38a1	35.45
L6	L6♂️	L_171025_1.14	♂ LPS	MACHO	LPS	BRAIN_E15	25.15329517	slc38a2	
L7	L7♀️	L_241025_1.15	♀ LPS	HEMBRA	LPS	PLACENTA_E15	23.90396742	fatcd36	27.09
L7	L7♀️	L_241025_1.15	♀ LPS	HEMBRA	LPS	PLACENTA_E15	23.90396742	fatp1	31.21
L7	L7♀️	L_241025_1.15	♀ LPS	HEMBRA	LPS	PLACENTA_E15	23.90396742	fatp4	29.57
L7	L7♀️	L_241025_1.15	♀ LPS	HEMBRA	LPS	PLACENTA_E15	23.90396742	glut1	26.89
L7	L7♀️	L_241025_1.15	♀ LPS	HEMBRA	LPS	PLACENTA_E15	23.90396742	glut3	31.13
L7	L7♀️	L_241025_1.15	♀ LPS	HEMBRA	LPS	PLACENTA_E15	23.90396742	gp130	24.94
L7	L7♀️	L_241025_1.15	♀ LPS	HEMBRA	LPS	PLACENTA_E15	23.90396742	il6	36.49
L7	L7♀️	L_241025_1.15	♀ LPS	HEMBRA	LPS	PLACENTA_E15	23.90396742	il6R	37.32
L7	L7♀️	L_241025_1.15	♀ LPS	HEMBRA	LPS	PLACENTA_E15	23.90396742	slc38a1	32.61
L7	L7♀️	L_241025_1.15	♀ LPS	HEMBRA	LPS	PLACENTA_E15	23.90396742	slc38a2	28.83
L7	L7♀️	L_241025_1.15	♀ LPS	HEMBRA	LPS	BRAIN_E15	20.73391381	fatcd36	27.48
L7	L7♀️	L_241025_1.15	♀ LPS	HEMBRA	LPS	BRAIN_E15	20.73391381	fatp1	33.42
L7	L7♀️	L_241025_1.15	♀ LPS	HEMBRA	LPS	BRAIN_E15	20.73391381	fatp4	28.85
L7	L7♀️	L_241025_1.15	♀ LPS	HEMBRA	LPS	BRAIN_E15	20.73391381	glut1	27.43
L7	L7♀️	L_241025_1.15	♀ LPS	HEMBRA	LPS	BRAIN_E15	20.73391381	glut3	34
L7	L7♀️	L_241025_1.15	♀ LPS	HEMBRA	LPS	BRAIN_E15	20.73391381	gp130	27.07
L7	L7♀️	L_241025_1.15	♀ LPS	HEMBRA	LPS	BRAIN_E15	20.73391381	il6	40
L7	L7♀️	L_241025_1.15	♀ LPS	HEMBRA	LPS	BRAIN_E15	20.73391381	il6R	40
L7	L7♀️	L_241025_1.15	♀ LPS	HEMBRA	LPS	BRAIN_E15	20.73391381	slc38a1	35.2
L7	L7♀️	L_241025_1.15	♀ LPS	HEMBRA	LPS	BRAIN_E15	20.73391381	slc38a2	31.22
L7	L7♂️	L_241025_1.16	♂ LPS	MACHO	LPS	PLACENTA_E15	27.67787946	fatcd36	26.61
L7	L7♂️	L_241025_1.16	♂ LPS	MACHO	LPS	PLACENTA_E15	27.67787946	fatp1	32.35
L7	L7♂️	L_241025_1.16	♂ LPS	MACHO	LPS	PLACENTA_E15	27.67787946	fatp4	28.55
L7	L7♂️	L_241025_1.16	♂ LPS	MACHO	LPS	PLACENTA_E15	27.67787946	glut1	25.51
L7	L7♂️	L_241025_1.16	♂ LPS	MACHO	LPS	PLACENTA_E15	27.67787946	glut3	31.99
L7	L7♂️	L_241025_1.16	♂ LPS	MACHO	LPS	PLACENTA_E15	27.67787946	gp130	24.91
L7	L7♂️	L_241025_1.16	♂ LPS	MACHO	LPS	PLACENTA_E15	27.67787946	il6	37.06
L7	L7♂️	L_241025_1.16	♂ LPS	MACHO	LPS	PLACENTA_E15	27.67787946	il6R	35.48
L7	L7♂️	L_241025_1.16	♂ LPS	MACHO	LPS	PLACENTA_E15	27.67787946	slc38a1	31.59
L7	L7♂️	L_241025_1.16	♂ LPS	MACHO	LPS	PLACENTA_E15	27.67787946	slc38a2	29.75
L7	L7♂️	L_241025_1.16	♂ LPS	MACHO	LPS	BRAIN_E15	23.3574424	fatcd36	
L7	L7♂️	L_241025_1.16	♂ LPS	MACHO	LPS	BRAIN_E15	23.3574424	fatp1	31.71
L7	L7♂️	L_241025_1.16	♂ LPS	MACHO	LPS	BRAIN_E15	23.3574424	fatp4	29.61
L7	L7♂️	L_241025_1.16	♂ LPS	MACHO	LPS	BRAIN_E15	23.3574424	glut1	26.89
L7	L7♂️	L_241025_1.16	♂ LPS	MACHO	LPS	BRAIN_E15	23.3574424	glut3	34.2
L7	L7♂️	L_241025_1.16	♂ LPS	MACHO	LPS	BRAIN_E15	23.3574424	gp130	25.39
L7	L7♂️	L_241025_1.16	♂ LPS	MACHO	LPS	BRAIN_E15	23.3574424	il6	40
L7	L7♂️	L_241025_1.16	♂ LPS	MACHO	LPS	BRAIN_E15	23.3574424	il6R	38.72
L7	L7♂️	L_241025_1.16	♂ LPS	MACHO	LPS	BRAIN_E15	23.3574424	slc38a1	35.96
L7	L7♂️	L_241025_1.16	♂ LPS	MACHO	LPS	BRAIN_E15	23.3574424	slc38a2	31.28
L8	L8♀️	L_251025_1.17	♀ LPS	HEMBRA	LPS	PLACENTA_E15	26.74290584	fatcd36	28.55
L8	L8♀️	L_251025_1.17	♀ LPS	HEMBRA	LPS	PLACENTA_E15	26.74290584	fatp1	31.68
L8	L8♀️	L_251025_1.17	♀ LPS	HEMBRA	LPS	PLACENTA_E15	26.74290584	fatp4	28.02
L8	L8♀️	L_251025_1.17	♀ LPS	HEMBRA	LPS	PLACENTA_E15	26.74290584	glut1	25.69
L8	L8♀️	L_251025_1.17	♀ LPS	HEMBRA	LPS	PLACENTA_E15	26.74290584	glut3	
L8	L8♀️	L_251025_1.17	♀ LPS	HEMBRA	LPS	PLACENTA_E15	26.74290584	gp130	25.38
L8	L8♀️	L_251025_1.17	♀ LPS	HEMBRA	LPS	PLACENTA_E15	26.74290584	il6	34.14
L8	L8♀️	L_251025_1.17	♀ LPS	HEMBRA	LPS	PLACENTA_E15	26.74290584	il6R	33.75
L8	L8♀️	L_251025_1.17	♀ LPS	HEMBRA	LPS	PLACENTA_E15	26.74290584	slc38a1	34.11
L8	L8♀️	L_251025_1.17	♀ LPS	HEMBRA	LPS	PLACENTA_E15	26.74290584	slc38a2	30.26
L8	L8♀️	L_251025_1.17	♀ LPS	HEMBRA	LPS	BRAIN_E15	26.7444288	fatcd36	28.34
L8	L8♀️	L_251025_1.17	♀ LPS	HEMBRA	LPS	BRAIN_E15	26.7444288	fatp1	34.25
L8	L8♀️	L_251025_1.17	♀ LPS	HEMBRA	LPS	BRAIN_E15	26.7444288	fatp4	30.25
L8	L8♀️	L_251025_1.17	♀ LPS	HEMBRA	LPS	BRAIN_E15	26.7444288	glut1	27.83
L8	L8♀️	L_251025_1.17	♀ LPS	HEMBRA	LPS	BRAIN_E15	26.7444288	glut3	33.8
L8	L8♀️	L_251025_1.17	♀ LPS	HEMBRA	LPS	BRAIN_E15	26.7444288	gp130	27.36
L8	L8♀️	L_251025_1.17	♀ LPS	HEMBRA	LPS	BRAIN_E15	26.7444288	il6	40
L8	L8♀️	L_251025_1.17	♀ LPS	HEMBRA	LPS	BRAIN_E15	26.7444288	il6R	40
L8	L8♀️	L_251025_1.17	♀ LPS	HEMBRA	LPS	BRAIN_E15	26.7444288	slc38a1	34.25
L8	L8♀️	L_251025_1.17	♀ LPS	HEMBRA	LPS	BRAIN_E15	26.7444288	slc38a2	31.99
L8	L8♂️	L_251025_1.18	♂ LPS	MACHO	LPS	PLACENTA_E15	26.13206955	fatcd36	27.08
L8	L8♂️	L_251025_1.18	♂ LPS	MACHO	LPS	PLACENTA_E15	26.13206955	fatp1	32.65
L8	L8♂️	L_251025_1.18	♂ LPS	MACHO	LPS	PLACENTA_E15	26.13206955	fatp4	26.5
L8	L8♂️	L_251025_1.18	♂ LPS	MACHO	LPS	PLACENTA_E15	26.13206955	glut1	24.12
L8	L8♂️	L_251025_1.18	♂ LPS	MACHO	LPS	PLACENTA_E15	26.13206955	glut3	30.64
L8	L8♂️	L_251025_1.18	♂ LPS	MACHO	LPS	PLACENTA_E15	26.13206955	gp130	26.49
L8	L8♂️	L_251025_1.18	♂ LPS	MACHO	LPS	PLACENTA_E15	26.13206955	il6	36.36
L8	L8♂️	L_251025_1.18	♂ LPS	MACHO	LPS	PLACENTA_E15	26.13206955	il6R	38.64
L8	L8♂️	L_251025_1.18	♂ LPS	MACHO	LPS	PLACENTA_E15	26.13206955	slc38a1	32.65
L8	L8♂️	L_251025_1.18	♂ LPS	MACHO	LPS	PLACENTA_E15	26.13206955	slc38a2	28.72
L8	L8♂️	L_251025_1.18	♂ LPS	MACHO	LPS	BRAIN_E15	22.00261126	fatcd36	27.99
L8	L8♂️	L_251025_1.18	♂ LPS	MACHO	LPS	BRAIN_E15	22.00261126	fatp1	34
L8	L8♂️	L_251025_1.18	♂ LPS	MACHO	LPS	BRAIN_E15	22.00261126	fatp4	29.36
L8	L8♂️	L_251025_1.18	♂ LPS	MACHO	LPS	BRAIN_E15	22.00261126	glut1	27.6
L8	L8♂️	L_251025_1.18	♂ LPS	MACHO	LPS	BRAIN_E15	22.00261126	glut3	32.92
L8	L8♂️	L_251025_1.18	♂ LPS	MACHO	LPS	BRAIN_E15	22.00261126	gp130	25.16
L8	L8♂️	L_251025_1.18	♂ LPS	MACHO	LPS	BRAIN_E15	22.00261126	il6	36.28
L8	L8♂️	L_251025_1.18	♂ LPS	MACHO	LPS	BRAIN_E15	22.00261126	il6R	40
L8	L8♂️	L_251025_1.18	♂ LPS	MACHO	LPS	BRAIN_E15	22.00261126	slc38a1	35.58
L8	L8♂️	L_251025_1.18	♂ LPS	MACHO	LPS	BRAIN_E15	22.00261126	slc38a2	
L9	L9♀️	L_311025_1.19	♀ LPS	HEMBRA	LPS	PLACENTA_E15	25.48652147	fatcd36	26.22
L9	L9♀️	L_311025_1.19	♀ LPS	HEMBRA	LPS	PLACENTA_E15	25.48652147	fatp1	31.91
L9	L9♀️	L_311025_1.19	♀ LPS	HEMBRA	LPS	PLACENTA_E15	25.48652147	fatp4	28.18
L9	L9♀️	L_311025_1.19	♀ LPS	HEMBRA	LPS	PLACENTA_E15	25.48652147	glut1	
L9	L9♀️	L_311025_1.19	♀ LPS	HEMBRA	LPS	PLACENTA_E15	25.48652147	glut3	30.99
L9	L9♀️	L_311025_1.19	♀ LPS	HEMBRA	LPS	PLACENTA_E15	25.48652147	gp130	25.62
L9	L9♀️	L_311025_1.19	♀ LPS	HEMBRA	LPS	PLACENTA_E15	25.48652147	il6	38.46
L9	L9♀️	L_311025_1.19	♀ LPS	HEMBRA	LPS	PLACENTA_E15	25.48652147	il6R	39.7
L9	L9♀️	L_311025_1.19	♀ LPS	HEMBRA	LPS	PLACENTA_E15	25.48652147	slc38a1	
L9	L9♀️	L_311025_1.19	♀ LPS	HEMBRA	LPS	PLACENTA_E15	25.48652147	slc38a2	29.65
L9	L9♀️	L_311025_1.19	♀ LPS	HEMBRA	LPS	BRAIN_E15	24.9980511	fatcd36	29.99
L9	L9♀️	L_311025_1.19	♀ LPS	HEMBRA	LPS	BRAIN_E15	24.9980511	fatp1	35.64
L9	L9♀️	L_311025_1.19	♀ LPS	HEMBRA	LPS	BRAIN_E15	24.9980511	fatp4	27.96
L9	L9♀️	L_311025_1.19	♀ LPS	HEMBRA	LPS	BRAIN_E15	24.9980511	glut1	27.81
L9	L9♀️	L_311025_1.19	♀ LPS	HEMBRA	LPS	BRAIN_E15	24.9980511	glut3	
L9	L9♀️	L_311025_1.19	♀ LPS	HEMBRA	LPS	BRAIN_E15	24.9980511	gp130	28.16
L9	L9♀️	L_311025_1.19	♀ LPS	HEMBRA	LPS	BRAIN_E15	24.9980511	il6	38.95
L9	L9♀️	L_311025_1.19	♀ LPS	HEMBRA	LPS	BRAIN_E15	24.9980511	il6R	38.79
L9	L9♀️	L_311025_1.19	♀ LPS	HEMBRA	LPS	BRAIN_E15	24.9980511	slc38a1	34.3
L9	L9♀️	L_311025_1.19	♀ LPS	HEMBRA	LPS	BRAIN_E15	24.9980511	slc38a2	30.22
L9	L9♂️	L_311025_1.20	♂ LPS	MACHO	LPS	PLACENTA_E15	25.15777246	fatcd36	27.42
L9	L9♂️	L_311025_1.20	♂ LPS	MACHO	LPS	PLACENTA_E15	25.15777246	fatp1	31.55
L9	L9♂️	L_311025_1.20	♂ LPS	MACHO	LPS	PLACENTA_E15	25.15777246	fatp4	28.62
L9	L9♂️	L_311025_1.20	♂ LPS	MACHO	LPS	PLACENTA_E15	25.15777246	glut1	24.44
L9	L9♂️	L_311025_1.20	♂ LPS	MACHO	LPS	PLACENTA_E15	25.15777246	glut3	32.72
L9	L9♂️	L_311025_1.20	♂ LPS	MACHO	LPS	PLACENTA_E15	25.15777246	gp130	25.17
L9	L9♂️	L_311025_1.20	♂ LPS	MACHO	LPS	PLACENTA_E15	25.15777246	il6	34.08
L9	L9♂️	L_311025_1.20	♂ LPS	MACHO	LPS	PLACENTA_E15	25.15777246	il6R	34.5
L9	L9♂️	L_311025_1.20	♂ LPS	MACHO	LPS	PLACENTA_E15	25.15777246	slc38a1	32.66
L9	L9♂️	L_311025_1.20	♂ LPS	MACHO	LPS	PLACENTA_E15	25.15777246	slc38a2	27.82
L9	L9♂️	L_311025_1.20	♂ LPS	MACHO	LPS	BRAIN_E15	27.21492668	fatcd36	28.7
L9	L9♂️	L_311025_1.20	♂ LPS	MACHO	LPS	BRAIN_E15	27.21492668	fatp1	33.35
L9	L9♂️	L_311025_1.20	♂ LPS	MACHO	LPS	BRAIN_E15	27.21492668	fatp4	28.72
L9	L9♂️	L_311025_1.20	♂ LPS	MACHO	LPS	BRAIN_E15	27.21492668	glut1	27.23
L9	L9♂️	L_311025_1.20	♂ LPS	MACHO	LPS	BRAIN_E15	27.21492668	glut3	34.68
L9	L9♂️	L_311025_1.20	♂ LPS	MACHO	LPS	BRAIN_E15	27.21492668	gp130	26.69
L9	L9♂️	L_311025_1.20	♂ LPS	MACHO	LPS	BRAIN_E15	27.21492668	il6	40
L9	L9♂️	L_311025_1.20	♂ LPS	MACHO	LPS	BRAIN_E15	27.21492668	il6R	39.54
L9	L9♂️	L_311025_1.20	♂ LPS	MACHO	LPS	BRAIN_E15	27.21492668	slc38a1	33
L9	L9♂️	L_311025_1.20	♂ LPS	MACHO	LPS	BRAIN_E15	27.21492668	slc38a2	31.05
C1	C1♀️	C_011025_1.03	♀Control	HEMBRA	CONTROL	BRAIN_P1	25.24237284	fatcd36	30.83
C1	C1♀️	C_011025_1.03	♀Control	HEMBRA	CONTROL	BRAIN_P1	25.24237284	fatp1	34.76
C1	C1♀️	C_011025_1.03	♀Control	HEMBRA	CONTROL	BRAIN_P1	25.24237284	fatp4	29.29
C1	C1♀️	C_011025_1.03	♀Control	HEMBRA	CONTROL	BRAIN_P1	25.24237284	glut1	28.06
C1	C1♀️	C_011025_1.03	♀Control	HEMBRA	CONTROL	BRAIN_P1	25.24237284	glut3	31.54
C1	C1♀️	C_011025_1.03	♀Control	HEMBRA	CONTROL	BRAIN_P1	25.24237284	gp130	27.61
C1	C1♀️	C_011025_1.03	♀Control	HEMBRA	CONTROL	BRAIN_P1	25.24237284	il6	40
C1	C1♀️	C_011025_1.03	♀Control	HEMBRA	CONTROL	BRAIN_P1	25.24237284	il6R	40
C1	C1♀️	C_011025_1.03	♀Control	HEMBRA	CONTROL	BRAIN_P1	25.24237284	slc38a1	35.04
C1	C1♀️	C_011025_1.03	♀Control	HEMBRA	CONTROL	BRAIN_P1	25.24237284	slc38a2	29.38
C1	C1♂️	C_011025_1.04	♂ Control	MACHO	CONTROL	BRAIN_P1	24.31222652	fatcd36	27.1
C1	C1♂️	C_011025_1.04	♂ Control	MACHO	CONTROL	BRAIN_P1	24.31222652	fatp1	31.86
C1	C1♂️	C_011025_1.04	♂ Control	MACHO	CONTROL	BRAIN_P1	24.31222652	fatp4	30.42
C1	C1♂️	C_011025_1.04	♂ Control	MACHO	CONTROL	BRAIN_P1	24.31222652	glut1	27.06
C1	C1♂️	C_011025_1.04	♂ Control	MACHO	CONTROL	BRAIN_P1	24.31222652	glut3	33.76
C1	C1♂️	C_011025_1.04	♂ Control	MACHO	CONTROL	BRAIN_P1	24.31222652	gp130	25.83
C1	C1♂️	C_011025_1.04	♂ Control	MACHO	CONTROL	BRAIN_P1	24.31222652	il6	40
C1	C1♂️	C_011025_1.04	♂ Control	MACHO	CONTROL	BRAIN_P1	24.31222652	il6R	40
C1	C1♂️	C_011025_1.04	♂ Control	MACHO	CONTROL	BRAIN_P1	24.31222652	slc38a1	35.23
C1	C1♂️	C_011025_1.04	♂ Control	MACHO	CONTROL	BRAIN_P1	24.31222652	slc38a2	31.38
C2	C2♀️	C_021025_1.05	♀Control	HEMBRA	CONTROL	BRAIN_P1	25.92560591	fatcd36	27.9
C2	C2♀️	C_021025_1.05	♀Control	HEMBRA	CONTROL	BRAIN_P1	25.92560591	fatp1	34.3
C2	C2♀️	C_021025_1.05	♀Control	HEMBRA	CONTROL	BRAIN_P1	25.92560591	fatp4	29.63
C2	C2♀️	C_021025_1.05	♀Control	HEMBRA	CONTROL	BRAIN_P1	25.92560591	glut1	29.23
C2	C2♀️	C_021025_1.05	♀Control	HEMBRA	CONTROL	BRAIN_P1	25.92560591	glut3	32.91
C2	C2♀️	C_021025_1.05	♀Control	HEMBRA	CONTROL	BRAIN_P1	25.92560591	gp130	27.48
C2	C2♀️	C_021025_1.05	♀Control	HEMBRA	CONTROL	BRAIN_P1	25.92560591	il6	40
C2	C2♀️	C_021025_1.05	♀Control	HEMBRA	CONTROL	BRAIN_P1	25.92560591	il6R	40
C2	C2♀️	C_021025_1.05	♀Control	HEMBRA	CONTROL	BRAIN_P1	25.92560591	slc38a1	36.37
C2	C2♀️	C_021025_1.05	♀Control	HEMBRA	CONTROL	BRAIN_P1	25.92560591	slc38a2	
C2	C2♂️	C_021025_1.06	♂ Control	MACHO	CONTROL	BRAIN_P1	26.65237882	fatcd36	28.26
C2	C2♂️	C_021025_1.06	♂ Control	MACHO	CONTROL	BRAIN_P1	26.65237882	fatp1	33.78
C2	C2♂️	C_021025_1.06	♂ Control	MACHO	CONTROL	BRAIN_P1	26.65237882	fatp4	29.52
C2	C2♂️	C_021025_1.06	♂ Control	MACHO	CONTROL	BRAIN_P1	26.65237882	glut1	
C2	C2♂️	C_021025_1.06	♂ Control	MACHO	CONTROL	BRAIN_P1	26.65237882	glut3	32.76
C2	C2♂️	C_021025_1.06	♂ Control	MACHO	CONTROL	BRAIN_P1	26.65237882	gp130	27.85
C2	C2♂️	C_021025_1.06	♂ Control	MACHO	CONTROL	BRAIN_P1	26.65237882	il6	40
C2	C2♂️	C_021025_1.06	♂ Control	MACHO	CONTROL	BRAIN_P1	26.65237882	il6R	39.9
C2	C2♂️	C_021025_1.06	♂ Control	MACHO	CONTROL	BRAIN_P1	26.65237882	slc38a1	32.88
C2	C2♂️	C_021025_1.06	♂ Control	MACHO	CONTROL	BRAIN_P1	26.65237882	slc38a2	31.49
C3	C3♀️	C_031025_1.07	♀Control	HEMBRA	CONTROL	BRAIN_P1	27.90683767	fatcd36	27.36
C3	C3♀️	C_031025_1.07	♀Control	HEMBRA	CONTROL	BRAIN_P1	27.90683767	fatp1	33.79
C3	C3♀️	C_031025_1.07	♀Control	HEMBRA	CONTROL	BRAIN_P1	27.90683767	fatp4	31.05
C3	C3♀️	C_031025_1.07	♀Control	HEMBRA	CONTROL	BRAIN_P1	27.90683767	glut1	27.13
C3	C3♀️	C_031025_1.07	♀Control	HEMBRA	CONTROL	BRAIN_P1	27.90683767	glut3	
C3	C3♀️	C_031025_1.07	♀Control	HEMBRA	CONTROL	BRAIN_P1	27.90683767	gp130	25.82
C3	C3♀️	C_031025_1.07	♀Control	HEMBRA	CONTROL	BRAIN_P1	27.90683767	il6	40
C3	C3♀️	C_031025_1.07	♀Control	HEMBRA	CONTROL	BRAIN_P1	27.90683767	il6R	40
C3	C3♀️	C_031025_1.07	♀Control	HEMBRA	CONTROL	BRAIN_P1	27.90683767	slc38a1	
C3	C3♀️	C_031025_1.07	♀Control	HEMBRA	CONTROL	BRAIN_P1	27.90683767	slc38a2	29.77
C3	C3♂️	C_031025_1.08	♂ Control	MACHO	CONTROL	BRAIN_P1	25.82917724	fatcd36	28.2
C3	C3♂️	C_031025_1.08	♂ Control	MACHO	CONTROL	BRAIN_P1	25.82917724	fatp1	35.07
C3	C3♂️	C_031025_1.08	♂ Control	MACHO	CONTROL	BRAIN_P1	25.82917724	fatp4	28.7
C3	C3♂️	C_031025_1.08	♂ Control	MACHO	CONTROL	BRAIN_P1	25.82917724	glut1	26.49
C3	C3♂️	C_031025_1.08	♂ Control	MACHO	CONTROL	BRAIN_P1	25.82917724	glut3	33.79
C3	C3♂️	C_031025_1.08	♂ Control	MACHO	CONTROL	BRAIN_P1	25.82917724	gp130	26.56
C3	C3♂️	C_031025_1.08	♂ Control	MACHO	CONTROL	BRAIN_P1	25.82917724	il6	40
C3	C3♂️	C_031025_1.08	♂ Control	MACHO	CONTROL	BRAIN_P1	25.82917724	il6R	40
C3	C3♂️	C_031025_1.08	♂ Control	MACHO	CONTROL	BRAIN_P1	25.82917724	slc38a1	34.32
C3	C3♂️	C_031025_1.08	♂ Control	MACHO	CONTROL	BRAIN_P1	25.82917724	slc38a2	31.34
C4	C4♀️	C_091025_1.09	♀Control	HEMBRA	CONTROL	BRAIN_P1	22.59312845	fatcd36	29.87
C4	C4♀️	C_091025_1.09	♀Control	HEMBRA	CONTROL	BRAIN_P1	22.59312845	fatp1	32.26
C4	C4♀️	C_091025_1.09	♀Control	HEMBRA	CONTROL	BRAIN_P1	22.59312845	fatp4	30.59
C4	C4♀️	C_091025_1.09	♀Control	HEMBRA	CONTROL	BRAIN_P1	22.59312845	glut1	26.5
C4	C4♀️	C_091025_1.09	♀Control	HEMBRA	CONTROL	BRAIN_P1	22.59312845	glut3	31.71
C4	C4♀️	C_091025_1.09	♀Control	HEMBRA	CONTROL	BRAIN_P1	22.59312845	gp130	27.8
C4	C4♀️	C_091025_1.09	♀Control	HEMBRA	CONTROL	BRAIN_P1	22.59312845	il6	40
C4	C4♀️	C_091025_1.09	♀Control	HEMBRA	CONTROL	BRAIN_P1	22.59312845	il6R	40
C4	C4♀️	C_091025_1.09	♀Control	HEMBRA	CONTROL	BRAIN_P1	22.59312845	slc38a1	32.98
C4	C4♀️	C_091025_1.09	♀Control	HEMBRA	CONTROL	BRAIN_P1	22.59312845	slc38a2	31.03
C4	C4♂️	C_091025_1.10	♂ Control	MACHO	CONTROL	BRAIN_P1	19.5	fatcd36	27.45
C4	C4♂️	C_091025_1.10	♂ Control	MACHO	CONTROL	BRAIN_P1	19.5	fatp1	34.06
C4	C4♂️	C_091025_1.10	♂ Control	MACHO	CONTROL	BRAIN_P1	19.5	fatp4	29.69
C4	C4♂️	C_091025_1.10	♂ Control	MACHO	CONTROL	BRAIN_P1	19.5	glut1	26.91
C4	C4♂️	C_091025_1.10	♂ Control	MACHO	CONTROL	BRAIN_P1	19.5	glut3	32.76
C4	C4♂️	C_091025_1.10	♂ Control	MACHO	CONTROL	BRAIN_P1	19.5	gp130	28.57
C4	C4♂️	C_091025_1.10	♂ Control	MACHO	CONTROL	BRAIN_P1	19.5	il6	40
C4	C4♂️	C_091025_1.10	♂ Control	MACHO	CONTROL	BRAIN_P1	19.5	il6R	38.03
C4	C4♂️	C_091025_1.10	♂ Control	MACHO	CONTROL	BRAIN_P1	19.5	slc38a1	
C4	C4♂️	C_091025_1.10	♂ Control	MACHO	CONTROL	BRAIN_P1	19.5	slc38a2	30.79
C5	C5♀️	C_101025_1.11	♀Control	HEMBRA	CONTROL	BRAIN_P1	25.22530924	fatcd36	29.23
C5	C5♀️	C_101025_1.11	♀Control	HEMBRA	CONTROL	BRAIN_P1	25.22530924	fatp1	31.5
C5	C5♀️	C_101025_1.11	♀Control	HEMBRA	CONTROL	BRAIN_P1	25.22530924	fatp4	30.36
C5	C5♀️	C_101025_1.11	♀Control	HEMBRA	CONTROL	BRAIN_P1	25.22530924	glut1	28.48
C5	C5♀️	C_101025_1.11	♀Control	HEMBRA	CONTROL	BRAIN_P1	25.22530924	glut3	32.63
C5	C5♀️	C_101025_1.11	♀Control	HEMBRA	CONTROL	BRAIN_P1	25.22530924	gp130	28.12
C5	C5♀️	C_101025_1.11	♀Control	HEMBRA	CONTROL	BRAIN_P1	25.22530924	il6	38.7
C5	C5♀️	C_101025_1.11	♀Control	HEMBRA	CONTROL	BRAIN_P1	25.22530924	il6R	40
C5	C5♀️	C_101025_1.11	♀Control	HEMBRA	CONTROL	BRAIN_P1	25.22530924	slc38a1	33.39
C5	C5♀️	C_101025_1.11	♀Control	HEMBRA	CONTROL	BRAIN_P1	25.22530924	slc38a2	30.41
C5	C5♂️	C_101025_1.12	♂ Control	MACHO	CONTROL	BRAIN_P1	23.86202071	fatcd36	28.2
C5	C5♂️	C_101025_1.12	♂ Control	MACHO	CONTROL	BRAIN_P1	23.86202071	fatp1	33.42
C5	C5♂️	C_101025_1.12	♂ Control	MACHO	CONTROL	BRAIN_P1	23.86202071	fatp4	28.61
C5	C5♂️	C_101025_1.12	♂ Control	MACHO	CONTROL	BRAIN_P1	23.86202071	glut1	29.18
C5	C5♂️	C_101025_1.12	♂ Control	MACHO	CONTROL	BRAIN_P1	23.86202071	glut3	32.75
C5	C5♂️	C_101025_1.12	♂ Control	MACHO	CONTROL	BRAIN_P1	23.86202071	gp130	29.5
C5	C5♂️	C_101025_1.12	♂ Control	MACHO	CONTROL	BRAIN_P1	23.86202071	il6	40
C5	C5♂️	C_101025_1.12	♂ Control	MACHO	CONTROL	BRAIN_P1	23.86202071	il6R	39.9
C5	C5♂️	C_101025_1.12	♂ Control	MACHO	CONTROL	BRAIN_P1	23.86202071	slc38a1	32.67
C5	C5♂️	C_101025_1.12	♂ Control	MACHO	CONTROL	BRAIN_P1	23.86202071	slc38a2	31.25
C6	C6♀️		♀Control	HEMBRA	CONTROL	BRAIN_P1	24.65295784	fatcd36	30.74
C6	C6♀️		♀Control	HEMBRA	CONTROL	BRAIN_P1	24.65295784	fatp1	33.73
C6	C6♀️		♀Control	HEMBRA	CONTROL	BRAIN_P1	24.65295784	fatp4	27.28
C6	C6♀️		♀Control	HEMBRA	CONTROL	BRAIN_P1	24.65295784	glut1	
C6	C6♀️		♀Control	HEMBRA	CONTROL	BRAIN_P1	24.65295784	glut3	32.17
C6	C6♀️		♀Control	HEMBRA	CONTROL	BRAIN_P1	24.65295784	gp130	26.2
C6	C6♀️		♀Control	HEMBRA	CONTROL	BRAIN_P1	24.65295784	il6	40
C6	C6♀️		♀Control	HEMBRA	CONTROL	BRAIN_P1	24.65295784	il6R	40
C6	C6♀️		♀Control	HEMBRA	CONTROL	BRAIN_P1	24.65295784	slc38a1	34.58
C6	C6♀️		♀Control	HEMBRA	CONTROL	BRAIN_P1	24.65295784	slc38a2	31.57
C6	C6♂️		♂ Control	MACHO	CONTROL	BRAIN_P1	23.89918314	fatcd36	28.18
C6	C6♂️		♂ Control	MACHO	CONTROL	BRAIN_P1	23.89918314	fatp1	33.29
C6	C6♂️		♂ Control	MACHO	CONTROL	BRAIN_P1	23.89918314	fatp4	29.59
C6	C6♂️		♂ Control	MACHO	CONTROL	BRAIN_P1	23.89918314	glut1	28.33
C6	C6♂️		♂ Control	MACHO	CONTROL	BRAIN_P1	23.89918314	glut3	32.51
C6	C6♂️		♂ Control	MACHO	CONTROL	BRAIN_P1	23.89918314	gp130	27.48
C6	C6♂️		♂ Control	MACHO	CONTROL	BRAIN_P1	23.89918314	il6	40
C6	C6♂️		♂ Control	MACHO	CONTROL	BRAIN_P1	23.89918314	il6R	38.75
C6	C6♂️		♂ Control	MACHO	CONTROL	BRAIN_P1	23.89918314	slc38a1	34.47
C6	C6♂️		♂ Control	MACHO	CONTROL	BRAIN_P1	23.89918314	slc38a2	30.96
C7	C7♀️		♀Control	HEMBRA	CONTROL	BRAIN_P1	25.9531025	fatcd36	27.77
C7	C7♀️		♀Control	HEMBRA	CONTROL	BRAIN_P1	25.9531025	fatp1	33.86
C7	C7♀️		♀Control	HEMBRA	CONTROL	BRAIN_P1	25.9531025	fatp4	29.05
C7	C7♀️		♀Control	HEMBRA	CONTROL	BRAIN_P1	25.9531025	glut1	28.36
C7	C7♀️		♀Control	HEMBRA	CONTROL	BRAIN_P1	25.9531025	glut3	31.33
C7	C7♀️		♀Control	HEMBRA	CONTROL	BRAIN_P1	25.9531025	gp130	27.97
C7	C7♀️		♀Control	HEMBRA	CONTROL	BRAIN_P1	25.9531025	il6	40
C7	C7♀️		♀Control	HEMBRA	CONTROL	BRAIN_P1	25.9531025	il6R	39.53
C7	C7♀️		♀Control	HEMBRA	CONTROL	BRAIN_P1	25.9531025	slc38a1	34.56
C7	C7♀️		♀Control	HEMBRA	CONTROL	BRAIN_P1	25.9531025	slc38a2	30.91
C7	C7♂️		♂ Control	MACHO	CONTROL	BRAIN_P1	22.64116733	fatcd36	28.65
C7	C7♂️		♂ Control	MACHO	CONTROL	BRAIN_P1	22.64116733	fatp1	32.94
C7	C7♂️		♂ Control	MACHO	CONTROL	BRAIN_P1	22.64116733	fatp4	28.91
C7	C7♂️		♂ Control	MACHO	CONTROL	BRAIN_P1	22.64116733	glut1	27.72
C7	C7♂️		♂ Control	MACHO	CONTROL	BRAIN_P1	22.64116733	glut3	31.96
C7	C7♂️		♂ Control	MACHO	CONTROL	BRAIN_P1	22.64116733	gp130	27.48
C7	C7♂️		♂ Control	MACHO	CONTROL	BRAIN_P1	22.64116733	il6	38.38
C7	C7♂️		♂ Control	MACHO	CONTROL	BRAIN_P1	22.64116733	il6R	40
C7	C7♂️		♂ Control	MACHO	CONTROL	BRAIN_P1	22.64116733	slc38a1	35.74
C7	C7♂️		♂ Control	MACHO	CONTROL	BRAIN_P1	22.64116733	slc38a2	30.58
L1	L1♀️	L_011025_1.03	♀ LPS	HEMBRA	LPS	BRAIN_P1	27.3347404	fatcd36	27.77
L1	L1♀️	L_011025_1.03	♀ LPS	HEMBRA	LPS	BRAIN_P1	27.3347404	fatp1	32.65
L1	L1♀️	L_011025_1.03	♀ LPS	HEMBRA	LPS	BRAIN_P1	27.3347404	fatp4	29.99
L1	L1♀️	L_011025_1.03	♀ LPS	HEMBRA	LPS	BRAIN_P1	27.3347404	glut1	27.67
L1	L1♀️	L_011025_1.03	♀ LPS	HEMBRA	LPS	BRAIN_P1	27.3347404	glut3	33.36
L1	L1♀️	L_011025_1.03	♀ LPS	HEMBRA	LPS	BRAIN_P1	27.3347404	gp130	26.73
L1	L1♀️	L_011025_1.03	♀ LPS	HEMBRA	LPS	BRAIN_P1	27.3347404	il6	36.7
L1	L1♀️	L_011025_1.03	♀ LPS	HEMBRA	LPS	BRAIN_P1	27.3347404	il6R	40
L1	L1♀️	L_011025_1.03	♀ LPS	HEMBRA	LPS	BRAIN_P1	27.3347404	slc38a1	34.46
L1	L1♀️	L_011025_1.03	♀ LPS	HEMBRA	LPS	BRAIN_P1	27.3347404	slc38a2	32.57
L1	L1♂️	L_011025_1.04	♂ LPS	MACHO	LPS	BRAIN_P1	22.5622757	fatcd36	27.61
L1	L1♂️	L_011025_1.04	♂ LPS	MACHO	LPS	BRAIN_P1	22.5622757	fatp1	31.29
L1	L1♂️	L_011025_1.04	♂ LPS	MACHO	LPS	BRAIN_P1	22.5622757	fatp4	29.46
L1	L1♂️	L_011025_1.04	♂ LPS	MACHO	LPS	BRAIN_P1	22.5622757	glut1	25.34
L1	L1♂️	L_011025_1.04	♂ LPS	MACHO	LPS	BRAIN_P1	22.5622757	glut3	33.3
L1	L1♂️	L_011025_1.04	♂ LPS	MACHO	LPS	BRAIN_P1	22.5622757	gp130	26.6
L1	L1♂️	L_011025_1.04	♂ LPS	MACHO	LPS	BRAIN_P1	22.5622757	il6	40
L1	L1♂️	L_011025_1.04	♂ LPS	MACHO	LPS	BRAIN_P1	22.5622757	il6R	40
L1	L1♂️	L_011025_1.04	♂ LPS	MACHO	LPS	BRAIN_P1	22.5622757	slc38a1	35.07
L1	L1♂️	L_011025_1.04	♂ LPS	MACHO	LPS	BRAIN_P1	22.5622757	slc38a2	31.5
L2	L2♀️	L_021025_1.05	♀ LPS	HEMBRA	LPS	BRAIN_P1	23.26154112	fatcd36	29.59
L2	L2♀️	L_021025_1.05	♀ LPS	HEMBRA	LPS	BRAIN_P1	23.26154112	fatp1	32.44
L2	L2♀️	L_021025_1.05	♀ LPS	HEMBRA	LPS	BRAIN_P1	23.26154112	fatp4	30.64
L2	L2♀️	L_021025_1.05	♀ LPS	HEMBRA	LPS	BRAIN_P1	23.26154112	glut1	28.77
L2	L2♀️	L_021025_1.05	♀ LPS	HEMBRA	LPS	BRAIN_P1	23.26154112	glut3	32.03
L2	L2♀️	L_021025_1.05	♀ LPS	HEMBRA	LPS	BRAIN_P1	23.26154112	gp130	26.14
L2	L2♀️	L_021025_1.05	♀ LPS	HEMBRA	LPS	BRAIN_P1	23.26154112	il6	40
L2	L2♀️	L_021025_1.05	♀ LPS	HEMBRA	LPS	BRAIN_P1	23.26154112	il6R	37.55
L2	L2♀️	L_021025_1.05	♀ LPS	HEMBRA	LPS	BRAIN_P1	23.26154112	slc38a1	33.92
L2	L2♀️	L_021025_1.05	♀ LPS	HEMBRA	LPS	BRAIN_P1	23.26154112	slc38a2	29.86
L2	L2♂️	L_021025_1.06	♂ LPS	MACHO	LPS	BRAIN_P1	25.94202455	fatcd36	27.84
L2	L2♂️	L_021025_1.06	♂ LPS	MACHO	LPS	BRAIN_P1	25.94202455	fatp1	35.04
L2	L2♂️	L_021025_1.06	♂ LPS	MACHO	LPS	BRAIN_P1	25.94202455	fatp4	29.43
L2	L2♂️	L_021025_1.06	♂ LPS	MACHO	LPS	BRAIN_P1	25.94202455	glut1	27.54
L2	L2♂️	L_021025_1.06	♂ LPS	MACHO	LPS	BRAIN_P1	25.94202455	glut3	33.82
L2	L2♂️	L_021025_1.06	♂ LPS	MACHO	LPS	BRAIN_P1	25.94202455	gp130	26.52
L2	L2♂️	L_021025_1.06	♂ LPS	MACHO	LPS	BRAIN_P1	25.94202455	il6	40
L2	L2♂️	L_021025_1.06	♂ LPS	MACHO	LPS	BRAIN_P1	25.94202455	il6R	40
L2	L2♂️	L_021025_1.06	♂ LPS	MACHO	LPS	BRAIN_P1	25.94202455	slc38a1	35.23
L2	L2♂️	L_021025_1.06	♂ LPS	MACHO	LPS	BRAIN_P1	25.94202455	slc38a2	30.24
L3	L3♀️	L_031025_1.07	♀ LPS	HEMBRA	LPS	BRAIN_P1	24.08309072	fatcd36	26.64
L3	L3♀️	L_031025_1.07	♀ LPS	HEMBRA	LPS	BRAIN_P1	24.08309072	fatp1	34.48
L3	L3♀️	L_031025_1.07	♀ LPS	HEMBRA	LPS	BRAIN_P1	24.08309072	fatp4	29.95
L3	L3♀️	L_031025_1.07	♀ LPS	HEMBRA	LPS	BRAIN_P1	24.08309072	glut1	28.54
L3	L3♀️	L_031025_1.07	♀ LPS	HEMBRA	LPS	BRAIN_P1	24.08309072	glut3	31.46
L3	L3♀️	L_031025_1.07	♀ LPS	HEMBRA	LPS	BRAIN_P1	24.08309072	gp130	27.58
L3	L3♀️	L_031025_1.07	♀ LPS	HEMBRA	LPS	BRAIN_P1	24.08309072	il6	40
L3	L3♀️	L_031025_1.07	♀ LPS	HEMBRA	LPS	BRAIN_P1	24.08309072	il6R	40
L3	L3♀️	L_031025_1.07	♀ LPS	HEMBRA	LPS	BRAIN_P1	24.08309072	slc38a1	33.53
L3	L3♀️	L_031025_1.07	♀ LPS	HEMBRA	LPS	BRAIN_P1	24.08309072	slc38a2	31.86
L3	L3♂️	L_031025_1.08	♂ LPS	MACHO	LPS	BRAIN_P1	27.35709549	fatcd36	29.24
L3	L3♂️	L_031025_1.08	♂ LPS	MACHO	LPS	BRAIN_P1	27.35709549	fatp1	34.71
L3	L3♂️	L_031025_1.08	♂ LPS	MACHO	LPS	BRAIN_P1	27.35709549	fatp4	28.47
L3	L3♂️	L_031025_1.08	♂ LPS	MACHO	LPS	BRAIN_P1	27.35709549	glut1	27.55
L3	L3♂️	L_031025_1.08	♂ LPS	MACHO	LPS	BRAIN_P1	27.35709549	glut3	32.78
L3	L3♂️	L_031025_1.08	♂ LPS	MACHO	LPS	BRAIN_P1	27.35709549	gp130	27.38
L3	L3♂️	L_031025_1.08	♂ LPS	MACHO	LPS	BRAIN_P1	27.35709549	il6	40
L3	L3♂️	L_031025_1.08	♂ LPS	MACHO	LPS	BRAIN_P1	27.35709549	il6R	39.81
L3	L3♂️	L_031025_1.08	♂ LPS	MACHO	LPS	BRAIN_P1	27.35709549	slc38a1	34.15
L3	L3♂️	L_031025_1.08	♂ LPS	MACHO	LPS	BRAIN_P1	27.35709549	slc38a2	28.77
L4	L4♀️	L_091025_1.09	♀ LPS	HEMBRA	LPS	BRAIN_P1	24.23712969	fatcd36	26.91
L4	L4♀️	L_091025_1.09	♀ LPS	HEMBRA	LPS	BRAIN_P1	24.23712969	fatp1	33.56
L4	L4♀️	L_091025_1.09	♀ LPS	HEMBRA	LPS	BRAIN_P1	24.23712969	fatp4	30.18
L4	L4♀️	L_091025_1.09	♀ LPS	HEMBRA	LPS	BRAIN_P1	24.23712969	glut1	27.62
L4	L4♀️	L_091025_1.09	♀ LPS	HEMBRA	LPS	BRAIN_P1	24.23712969	glut3	31.8
L4	L4♀️	L_091025_1.09	♀ LPS	HEMBRA	LPS	BRAIN_P1	24.23712969	gp130	28.04
L4	L4♀️	L_091025_1.09	♀ LPS	HEMBRA	LPS	BRAIN_P1	24.23712969	il6	40
L4	L4♀️	L_091025_1.09	♀ LPS	HEMBRA	LPS	BRAIN_P1	24.23712969	il6R	40
L4	L4♀️	L_091025_1.09	♀ LPS	HEMBRA	LPS	BRAIN_P1	24.23712969	slc38a1	35.15
L4	L4♀️	L_091025_1.09	♀ LPS	HEMBRA	LPS	BRAIN_P1	24.23712969	slc38a2	30.36
L4	L4♂️	L_091025_1.10	♂ LPS	MACHO	LPS	BRAIN_P1	23.38477399	fatcd36	27.47
L4	L4♂️	L_091025_1.10	♂ LPS	MACHO	LPS	BRAIN_P1	23.38477399	fatp1	34.88
L4	L4♂️	L_091025_1.10	♂ LPS	MACHO	LPS	BRAIN_P1	23.38477399	fatp4	28.22
L4	L4♂️	L_091025_1.10	♂ LPS	MACHO	LPS	BRAIN_P1	23.38477399	glut1	27.38
L4	L4♂️	L_091025_1.10	♂ LPS	MACHO	LPS	BRAIN_P1	23.38477399	glut3	33.19
L4	L4♂️	L_091025_1.10	♂ LPS	MACHO	LPS	BRAIN_P1	23.38477399	gp130	27.13
L4	L4♂️	L_091025_1.10	♂ LPS	MACHO	LPS	BRAIN_P1	23.38477399	il6	40
L4	L4♂️	L_091025_1.10	♂ LPS	MACHO	LPS	BRAIN_P1	23.38477399	il6R	40
L4	L4♂️	L_091025_1.10	♂ LPS	MACHO	LPS	BRAIN_P1	23.38477399	slc38a1	34.49
L4	L4♂️	L_091025_1.10	♂ LPS	MACHO	LPS	BRAIN_P1	23.38477399	slc38a2	31.22
L5	L5♀️	L_101025_1.11	♀ LPS	HEMBRA	LPS	BRAIN_P1	24.89561823	fatcd36	29.18
L5	L5♀️	L_101025_1.11	♀ LPS	HEMBRA	LPS	BRAIN_P1	24.89561823	fatp1	35.32
L5	L5♀️	L_101025_1.11	♀ LPS	HEMBRA	LPS	BRAIN_P1	24.89561823	fatp4	28.66
L5	L5♀️	L_101025_1.11	♀ LPS	HEMBRA	LPS	BRAIN_P1	24.89561823	glut1	28.13
L5	L5♀️	L_101025_1.11	♀ LPS	HEMBRA	LPS	BRAIN_P1	24.89561823	glut3	32.44
L5	L5♀️	L_101025_1.11	♀ LPS	HEMBRA	LPS	BRAIN_P1	24.89561823	gp130	27.69
L5	L5♀️	L_101025_1.11	♀ LPS	HEMBRA	LPS	BRAIN_P1	24.89561823	il6	40
L5	L5♀️	L_101025_1.11	♀ LPS	HEMBRA	LPS	BRAIN_P1	24.89561823	il6R	39.9
L5	L5♀️	L_101025_1.11	♀ LPS	HEMBRA	LPS	BRAIN_P1	24.89561823	slc38a1	35.34
L5	L5♀️	L_101025_1.11	♀ LPS	HEMBRA	LPS	BRAIN_P1	24.89561823	slc38a2	31.57
L5	L5♂️	L_101025_1.12	♂ LPS	MACHO	LPS	BRAIN_P1	25.33833516	fatcd36	28.59
L5	L5♂️	L_101025_1.12	♂ LPS	MACHO	LPS	BRAIN_P1	25.33833516	fatp1	34.47
L5	L5♂️	L_101025_1.12	♂ LPS	MACHO	LPS	BRAIN_P1	25.33833516	fatp4	30.26
L5	L5♂️	L_101025_1.12	♂ LPS	MACHO	LPS	BRAIN_P1	25.33833516	glut1	24.96
L5	L5♂️	L_101025_1.12	♂ LPS	MACHO	LPS	BRAIN_P1	25.33833516	glut3	33.98
L5	L5♂️	L_101025_1.12	♂ LPS	MACHO	LPS	BRAIN_P1	25.33833516	gp130	27.41
L5	L5♂️	L_101025_1.12	♂ LPS	MACHO	LPS	BRAIN_P1	25.33833516	il6	40
L5	L5♂️	L_101025_1.12	♂ LPS	MACHO	LPS	BRAIN_P1	25.33833516	il6R	40
L5	L5♂️	L_101025_1.12	♂ LPS	MACHO	LPS	BRAIN_P1	25.33833516	slc38a1	35.02
L5	L5♂️	L_101025_1.12	♂ LPS	MACHO	LPS	BRAIN_P1	25.33833516	slc38a2	30.07
L6	L6♀️	L_171025_1.13	♀ LPS	HEMBRA	LPS	BRAIN_P1	26.09502715	fatcd36	29.96
L6	L6♀️	L_171025_1.13	♀ LPS	HEMBRA	LPS	BRAIN_P1	26.09502715	fatp1	33.45
L6	L6♀️	L_171025_1.13	♀ LPS	HEMBRA	LPS	BRAIN_P1	26.09502715	fatp4	28.39
L6	L6♀️	L_171025_1.13	♀ LPS	HEMBRA	LPS	BRAIN_P1	26.09502715	glut1	
L6	L6♀️	L_171025_1.13	♀ LPS	HEMBRA	LPS	BRAIN_P1	26.09502715	glut3	32.92
L6	L6♀️	L_171025_1.13	♀ LPS	HEMBRA	LPS	BRAIN_P1	26.09502715	gp130	26.94
L6	L6♀️	L_171025_1.13	♀ LPS	HEMBRA	LPS	BRAIN_P1	26.09502715	il6	40
L6	L6♀️	L_171025_1.13	♀ LPS	HEMBRA	LPS	BRAIN_P1	26.09502715	il6R	39.7
L6	L6♀️	L_171025_1.13	♀ LPS	HEMBRA	LPS	BRAIN_P1	26.09502715	slc38a1	33.26
L6	L6♀️	L_171025_1.13	♀ LPS	HEMBRA	LPS	BRAIN_P1	26.09502715	slc38a2	33.21
L6	L6♂️	L_171025_1.14	♂ LPS	MACHO	LPS	BRAIN_P1	24.15931643	fatcd36	28.38
L6	L6♂️	L_171025_1.14	♂ LPS	MACHO	LPS	BRAIN_P1	24.15931643	fatp1	33.59
L6	L6♂️	L_171025_1.14	♂ LPS	MACHO	LPS	BRAIN_P1	24.15931643	fatp4	30.21
L6	L6♂️	L_171025_1.14	♂ LPS	MACHO	LPS	BRAIN_P1	24.15931643	glut1	26.32
L6	L6♂️	L_171025_1.14	♂ LPS	MACHO	LPS	BRAIN_P1	24.15931643	glut3	32.73
L6	L6♂️	L_171025_1.14	♂ LPS	MACHO	LPS	BRAIN_P1	24.15931643	gp130	28.73
L6	L6♂️	L_171025_1.14	♂ LPS	MACHO	LPS	BRAIN_P1	24.15931643	il6	40
L6	L6♂️	L_171025_1.14	♂ LPS	MACHO	LPS	BRAIN_P1	24.15931643	il6R	39.28
L6	L6♂️	L_171025_1.14	♂ LPS	MACHO	LPS	BRAIN_P1	24.15931643	slc38a1	34.48
L6	L6♂️	L_171025_1.14	♂ LPS	MACHO	LPS	BRAIN_P1	24.15931643	slc38a2	31.43
L7	L7♀️		♀ LPS	HEMBRA	LPS	BRAIN_P1	29.15766891	fatcd36	30.35
L7	L7♀️		♀ LPS	HEMBRA	LPS	BRAIN_P1	29.15766891	fatp1	30.8
L7	L7♀️		♀ LPS	HEMBRA	LPS	BRAIN_P1	29.15766891	fatp4	28.28
L7	L7♀️		♀ LPS	HEMBRA	LPS	BRAIN_P1	29.15766891	glut1	27.9
L7	L7♀️		♀ LPS	HEMBRA	LPS	BRAIN_P1	29.15766891	glut3	32.53
L7	L7♀️		♀ LPS	HEMBRA	LPS	BRAIN_P1	29.15766891	gp130	28.24
L7	L7♀️		♀ LPS	HEMBRA	LPS	BRAIN_P1	29.15766891	il6	40
L7	L7♀️		♀ LPS	HEMBRA	LPS	BRAIN_P1	29.15766891	il6R	40
L7	L7♀️		♀ LPS	HEMBRA	LPS	BRAIN_P1	29.15766891	slc38a1	34.44
L7	L7♀️		♀ LPS	HEMBRA	LPS	BRAIN_P1	29.15766891	slc38a2	32.72
L7	L7♂️		♂ LPS	MACHO	LPS	BRAIN_P1	25.54832296	fatcd36	28.16
L7	L7♂️		♂ LPS	MACHO	LPS	BRAIN_P1	25.54832296	fatp1	34.2
L7	L7♂️		♂ LPS	MACHO	LPS	BRAIN_P1	25.54832296	fatp4	28.25
L7	L7♂️		♂ LPS	MACHO	LPS	BRAIN_P1	25.54832296	glut1	25.78
L7	L7♂️		♂ LPS	MACHO	LPS	BRAIN_P1	25.54832296	glut3	32.81
L7	L7♂️		♂ LPS	MACHO	LPS	BRAIN_P1	25.54832296	gp130	27.72
L7	L7♂️		♂ LPS	MACHO	LPS	BRAIN_P1	25.54832296	il6	35.86
L7	L7♂️		♂ LPS	MACHO	LPS	BRAIN_P1	25.54832296	il6R	40
L7	L7♂️		♂ LPS	MACHO	LPS	BRAIN_P1	25.54832296	slc38a1	34.42
L7	L7♂️		♂ LPS	MACHO	LPS	BRAIN_P1	25.54832296	slc38a2	30.82
